candidate,source,method,bits,clip,step,psnr,ssim,budget_violation_fraction,psnr_p05,min_psnr,quality_violation_fraction,target_mse,feasible,semantic_lowpass_mse,selection_objective,generated_reference_mse,natural_validation_mse,natural_validation_lpips,natural_validation_residual,natural_validation_spectral,natural_validation_cycle,teacher_search_mse,joint_w4_objective,joint_w4_psnr,joint_w4_ssim,fp32_feasible,joint_w4_feasible,code_change_fraction_vs_rtn,code_offset_rms,code_offset_ge_one_fraction
fixed_ptq_w4_c1.0_step0,fixed_rtn,fixed_ptq,4,1.0,0,33.350563049316406,0.943604588508606,,29.569313049316406,28.79359245300293,0.0,0.00048414335687994023,True,8.52526811286225e-05,0.00048414335687994023,,,,,,,,,,,,,,,
reconstruction_w4_c1.0_step0,rtn_fallback,reconstruction,4,1.0,0,33.350563049316406,0.943604588508606,,29.569313049316406,28.79359245300293,0.0,0.0005406601558206603,True,8.52526811286225e-05,0.0005406601558206603,,,,,,,,,,,,,,,
reconstruction_w4_c1.0_step100,reconstruction,reconstruction,4,1.0,100,35.84375,0.9674741625785828,,31.79499626159668,31.206867218017578,0.0,0.00030466386378975586,True,4.6102706392048276e-05,0.00030466386378975586,,,,,,,,,,,,,,,
reconstruction_w4_c1.0_step200,reconstruction,reconstruction,4,1.0,200,36.82829284667969,0.97111976146698,,32.783145904541016,31.78563117980957,0.0,0.0002486154618964065,True,2.2882645134814082e-05,0.0002486154618964065,,,,,,,,,,,,,,,
reconstruction_w4_c1.0_step300,reconstruction,reconstruction,4,1.0,300,36.93742752075195,0.9714078903198242,,32.56766891479492,31.876909255981445,0.0,0.00024319719086633994,True,1.754338306909631e-05,0.00024319719086633994,,,,,,,,,,,,,,,
reconstruction_w4_c1.0_step400,reconstruction,reconstruction,4,1.0,400,36.551841735839844,0.9714049100875854,,32.7285270690918,31.88634490966797,0.0,0.000258275228770799,True,2.7973579290119232e-05,0.000258275228770799,,,,,,,,,,,,,,,
reconstruction_w4_c1.0_step500,reconstruction,reconstruction,4,1.0,500,37.20824432373047,0.9727194905281067,,33.11270523071289,32.014530181884766,0.0,0.00022858105730847456,True,1.628926358989702e-05,0.00022858105730847456,,,,,,,,,,,,,,,
reconstruction_w4_c1.0_step600,reconstruction,reconstruction,4,1.0,600,36.937686920166016,0.9729171991348267,,32.67874526977539,32.12339782714844,0.0,0.00024136254760378505,True,2.3170900021796115e-05,0.00024136254760378505,,,,,,,,,,,,,,,
reconstruction_w4_c1.0_step700,reconstruction,reconstruction,4,1.0,700,36.956058502197266,0.9719606637954712,,32.74701690673828,32.03965759277344,0.0,0.00023931521063786932,True,2.225069479209196e-05,0.00023931521063786932,,,,,,,,,,,,,,,
reconstruction_w4_c1.0_step800,reconstruction,reconstruction,4,1.0,800,37.258995056152344,0.9738953709602356,,33.070648193359375,32.296783447265625,0.0,0.00022452547746070194,True,2.02803959382436e-05,0.00022452547746070194,,,,,,,,,,,,,,,
reconstruction_w4_c1.0_step900,reconstruction,reconstruction,4,1.0,900,36.4875373840332,0.9717909693717957,,32.43638610839844,31.996780395507812,0.0,0.00026046394486911595,True,3.291137572887237e-05,0.00026046394486911595,,,,,,,,,,,,,,,
reconstruction_w4_c1.0_step1000,reconstruction,reconstruction,4,1.0,1000,37.13018035888672,0.9730199575424194,,32.93958282470703,32.153541564941406,0.0,0.0002312557197001297,True,1.6851427471920032e-05,0.0002312557197001297,,,,,,,,,,,,,,,
reconstruction_w4_c1.0_step1100,reconstruction,reconstruction,4,1.0,1100,37.094993591308594,0.9734622240066528,,32.682735443115234,32.127010345458984,0.0,0.00023219829781737645,True,1.8410856455375324e-05,0.00023219829781737645,,,,,,,,,,,,,,,
reconstruction_w4_c1.0_step1200,reconstruction,reconstruction,4,1.0,1200,37.170753479003906,0.9731181263923645,,32.88092041015625,32.3215217590332,0.0,0.00022859551318106243,True,2.0781178977813398e-05,0.00022859551318106243,,,,,,,,,,,,,,,
reconstruction_w4_c1.0_step1300,reconstruction,reconstruction,4,1.0,1300,36.99635314941406,0.9734582901000977,,32.94209289550781,32.04218292236328,0.0,0.00023479613082599826,True,2.4170945744117488e-05,0.00023479613082599826,,,,,,,,,,,,,,,
reconstruction_w4_c1.0_step1400,reconstruction,reconstruction,4,1.0,1400,37.472599029541016,0.9744383096694946,,33.093017578125,32.427146911621094,0.0,0.00021628585636790376,True,1.537480295610294e-05,0.00021628585636790376,,,,,,,,,,,,,,,
reconstruction_w4_c1.0_step1500,reconstruction,reconstruction,4,1.0,1500,37.26737976074219,0.9744054079055786,,33.18147659301758,32.48772048950195,0.0,0.00022281787532847376,True,2.2711141446052353e-05,0.00022281787532847376,,,,,,,,,,,,,,,
reconstruction_w4_c1.0_step1600,reconstruction,reconstruction,4,1.0,1600,37.203590393066406,0.9748161435127258,,33.33236312866211,32.27399444580078,0.0,0.0002244984410936013,True,2.0809338320759706e-05,0.0002244984410936013,,,,,,,,,,,,,,,
reconstruction_w4_c1.0_step1700,reconstruction,reconstruction,4,1.0,1700,37.492027282714844,0.9748367071151733,,33.25804901123047,32.40210723876953,0.0,0.00021473487904586364,True,1.2927267084705818e-05,0.00021473487904586364,,,,,,,,,,,,,,,
reconstruction_w4_c1.0_step1800,reconstruction,reconstruction,4,1.0,1800,37.35657501220703,0.9748333096504211,,33.25240707397461,32.32607650756836,0.0,0.00021890417629037983,True,1.802817992029304e-05,0.00021890417629037983,,,,,,,,,,,,,,,
reconstruction_w4_c1.0_step1900,reconstruction,reconstruction,4,1.0,1900,37.35344696044922,0.9742242097854614,,32.994224548339844,32.39577102661133,0.0,0.0002199375878262799,True,1.587097253832326e-05,0.0002199375878262799,,,,,,,,,,,,,,,
reconstruction_w4_c1.0_step2000,reconstruction,reconstruction,4,1.0,2000,37.53679656982422,0.9753938913345337,,33.248619079589844,32.39464569091797,0.0,0.0002130168602889171,True,1.3377067762121442e-05,0.0002130168602889171,,,,,,,,,,,,,,,
natural_full_finetune_w32_c1.0_step0,marked_fp32_fallback,natural_full_finetune,32,1.0,0,120.0,1.0,,120.0,120.0,0.0,0.0044825395657994704,True,0.0,0.012001216937790105,0.0,0.0044825395657994704,0.07518677371990634,,,,,,,,,,,,
natural_full_finetune_w32_c1.0_step100,natural_full_finetune,natural_full_finetune,32,1.0,100,27.64096450805664,0.8048752546310425,,23.41708755493164,22.560504913330078,0.44999998807907104,0.004647587051408664,True,0.0003208932263078168,0.013412883625392169,0.002037092958926223,0.004647587051408664,0.08765296573983505,,,,,,,,,,,,
natural_full_finetune_w32_c1.0_step200,natural_full_finetune,natural_full_finetune,32,1.0,200,27.694469451904297,0.8038015365600586,,22.956798553466797,22.011077880859375,0.4000000059604645,0.004583093272401584,True,0.00030023860417713875,0.013114338451293861,0.002102969994302839,0.004583093272401584,0.08531245178892277,,,,,,,,,,,,
natural_full_finetune_w32_c1.0_step300,natural_full_finetune,natural_full_finetune,32,1.0,300,28.080257415771484,0.8009518384933472,,23.215763092041016,23.036636352539062,0.5,0.0044366258962327265,True,0.00021908877497480716,0.012872419731320407,0.0018984682188602164,0.0044366258962327265,0.0843579383508768,,,,,,,,,,,,
natural_full_finetune_w32_c1.0_step400,natural_full_finetune,natural_full_finetune,32,1.0,400,27.260269165039062,0.7977279424667358,,23.049365997314453,22.50322723388672,0.44999998807907104,0.00467507383444854,False,0.0004993045069568325,0.013433864815385733,0.002219087956473231,0.00467507383444854,0.08758790980937192,,,,,,,,,,,,
natural_full_finetune_w32_c1.0_step500,natural_full_finetune,natural_full_finetune,32,1.0,500,28.175495147705078,0.8035241365432739,,23.509239196777344,22.46887969970703,0.44999998807907104,0.004265440146667743,True,0.0002148030820535496,0.011594495815774052,0.0018990664422744886,0.004265440146667743,0.0732905566910631,,,,,,,,,,,,
natural_full_finetune_w32_c1.0_step600,natural_full_finetune,natural_full_finetune,32,1.0,600,28.000614166259766,0.7947678565979004,,23.181407928466797,22.651653289794922,0.44999998807907104,0.004297565701676831,False,0.00020658136563724838,0.011788001928766789,0.0019370252266526222,0.004297565701676831,0.07490436227089958,,,,,,,,,,,,
natural_full_finetune_w32_c1.0_step700,natural_full_finetune,natural_full_finetune,32,1.0,700,27.72500228881836,0.801766574382782,,23.388118743896484,22.666244506835938,0.44999998807907104,0.00439395361820516,True,0.000307374686235562,0.011736780047726825,0.0019984498736448585,0.00439395361820516,0.07342826429521665,,,,,,,,,,,,
natural_full_finetune_w32_c1.0_step800,natural_full_finetune,natural_full_finetune,32,1.0,800,28.152542114257812,0.8050247430801392,,23.410348892211914,22.755023956298828,0.44999998807907104,0.004232236893983554,True,0.00019778117566602305,0.011267588348380287,0.0018685140821617097,0.004232236893983554,0.07035351454396732,,,,,,,,,,,,
natural_full_finetune_w32_c1.0_step900,natural_full_finetune,natural_full_finetune,32,1.0,900,28.542367935180664,0.8099057078361511,,23.7431640625,23.119335174560547,0.4000000059604645,0.0041166835483181785,True,0.00016476219389005564,0.011205945360097759,0.0017262515786569566,0.0041166835483181785,0.07089261811779579,,,,,,,,,,,,
natural_full_finetune_w32_c1.0_step1000,natural_full_finetune,natural_full_finetune,32,1.0,1000,28.461252212524414,0.8060609102249146,,23.381664276123047,22.95230484008789,0.44999998807907104,0.004079040804043643,True,0.00017942232843779494,0.01071198267219984,0.0017768101970432326,0.004079040804043643,0.06632941868156195,,,,,,,,,,,,
natural_full_finetune_w32_c1.0_step1100,natural_full_finetune,natural_full_finetune,32,1.0,1100,28.748287200927734,0.8130506277084351,,23.741954803466797,23.19135284423828,0.4000000059604645,0.004018533936090307,True,0.00013702548840228702,0.010471832364186185,0.00166123925591819,0.004018533936090307,0.06453298428095877,,,,,,,,,,,,
natural_full_finetune_w32_c1.0_step1200,natural_full_finetune,natural_full_finetune,32,1.0,1200,28.7138671875,0.8133543133735657,,23.877805709838867,23.140422821044922,0.4000000059604645,0.003982338283407216,True,0.0001447785281925462,0.010286964661230514,0.0016708772731362843,0.003982338283407216,0.06304626377823297,,,,,,,,,,,,
natural_full_finetune_w32_c1.0_step1300,natural_full_finetune,natural_full_finetune,32,1.0,1300,28.8795166015625,0.817190945148468,,23.929182052612305,23.275489807128906,0.4000000059604645,0.003975201331286371,True,0.0001225960195370135,0.010220882027442712,0.0016130391872138717,0.003975201331286371,0.062456806961563416,,,,,,,,,,,,
natural_full_finetune_w32_c1.0_step1400,natural_full_finetune,natural_full_finetune,32,1.0,1400,28.94855308532715,0.81788170337677,,23.915111541748047,23.270793914794922,0.4000000059604645,0.003937788990072022,True,0.00011068545682064723,0.009992864617299802,0.0015984751749783753,0.003937788990072022,0.060550756272277795,,,,,,,,,,,,
natural_full_finetune_w32_c1.0_step1500,natural_full_finetune,natural_full_finetune,32,1.0,1500,28.953100204467773,0.8181727528572083,,23.896326065063477,23.36786460876465,0.4000000059604645,0.003880565448781681,True,0.00012272698422748362,0.0098841662184725,0.0015911404028884136,0.003880565448781681,0.0600360076969082,,,,,,,,,,,,
natural_full_finetune_w32_c1.0_step1600,natural_full_finetune,natural_full_finetune,32,1.0,1600,28.996240615844727,0.8190412521362305,,23.940269470214844,23.272397994995117,0.4000000059604645,0.003895735860339755,True,0.0001162762400781503,0.009830766260336077,0.001584904435731005,0.003895735860339755,0.059350303999963216,,,,,,,,,,,,
natural_full_finetune_w32_c1.0_step1700,natural_full_finetune,natural_full_finetune,32,1.0,1700,28.992101669311523,0.8192291259765625,,23.877962112426758,23.314992904663086,0.4000000059604645,0.003854488073244511,True,0.00013518602863769048,0.009765571744406999,0.0015849218005314469,0.003854488073244511,0.05911083671162487,,,,,,,,,,,,
natural_full_finetune_w32_c1.0_step1800,natural_full_finetune,natural_full_finetune,32,1.0,1800,29.06471824645996,0.8200176954269409,,23.920896530151367,23.288131713867188,0.4000000059604645,0.003847736056343365,True,0.0001163572847872274,0.009698626567262636,0.0015684904894442298,0.003847736056343365,0.05850890510919271,,,,,,,,,,,,
natural_full_finetune_w32_c1.0_step1900,natural_full_finetune,natural_full_finetune,32,1.0,1900,29.04288673400879,0.8214112520217896,,23.951019287109375,23.340131759643555,0.4000000059604645,0.0038355782403414196,True,0.00012291734747122974,0.009656659679694712,0.0015687439736211672,0.0038355782403414196,0.05821081439353293,,,,,,,,,,,,
natural_full_finetune_w32_c1.0_step2000,natural_full_finetune,natural_full_finetune,32,1.0,2000,29.10125732421875,0.8215817213058472,,23.990598678588867,23.432445526123047,0.4000000059604645,0.003815559223198761,True,0.0001220793996253633,0.009624696968580794,0.001545917302428279,0.003815559223198761,0.058091377453820314,,,,,,,,,,,,
natural_rounding_w4_c1.0_step0,rtn_fallback,natural_rounding,4,1.0,0,33.350563049316406,0.943604588508606,,29.569313049316406,28.79359245300293,0.0,0.004609984279966284,True,8.52526811286225e-05,0.013215892218420323,0.0005406601558206603,0.004609984279966284,0.08563281597889727,,,,,,,,,,,,
natural_rounding_w4_c1.0_step100,natural_rounding,natural_rounding,4,1.0,100,32.1028938293457,0.9191828966140747,,27.281518936157227,26.815645217895508,0.0,0.004195107237364937,True,6.243819725568756e-05,0.01071668302283797,0.0007529481619712897,0.004195107237364937,0.06490356686845189,,,,,,,,,,,,
natural_rounding_w4_c1.0_step200,natural_rounding,natural_rounding,4,1.0,200,31.546642303466797,0.905207633972168,,26.82660675048828,26.28394317626953,0.0,0.00407927913659023,True,7.166706163843627e-05,0.010492320059188386,0.0008621953980764374,0.00407927913659023,0.06377207391778938,,,,,,,,,,,,
natural_rounding_w4_c1.0_step300,natural_rounding,natural_rounding,4,1.0,300,31.143014907836914,0.8945233225822449,,26.259920120239258,25.805091857910156,0.05000000074505806,0.004016335568167051,True,8.124830674205441e-05,0.010247939978626164,0.0009503957480774261,0.004016335568167051,0.061909802570880856,,,,,,,,,,,,
natural_rounding_w4_c1.0_step400,natural_rounding,natural_rounding,4,1.0,400,30.999425888061523,0.8885744214057922,,26.028474807739258,25.558319091796875,0.05000000074505806,0.003970940278264834,True,7.314457134270924e-05,0.010197667463677363,0.0009852750154095702,0.003970940278264834,0.06190154899741174,,,,,,,,,,,,
natural_rounding_w4_c1.0_step500,natural_rounding,natural_rounding,4,1.0,500,30.692203521728516,0.8795099258422852,,25.74658203125,25.104042053222656,0.10000000149011612,0.003967143378702076,True,7.478744873878895e-05,0.010047003981060242,0.001059178118885029,0.003967143378702076,0.060424668779887725,,,,,,,,,,,,
natural_rounding_w4_c1.0_step600,natural_rounding,natural_rounding,4,1.0,600,30.640270233154297,0.8752692341804504,,25.526487350463867,25.11673355102539,0.15000000596046448,0.0038994447722870973,True,7.392108918793383e-05,0.010047147201794358,0.0010780682001495733,0.0038994447722870973,0.061107418849132955,,,,,,,,,,,,
natural_rounding_w4_c1.0_step700,natural_rounding,natural_rounding,4,1.0,700,30.61795425415039,0.8726698756217957,,25.441829681396484,24.974241256713867,0.15000000596046448,0.003901134050749988,True,7.450589837389998e-05,0.00991698210920049,0.0010932019795291126,0.003901134050749988,0.059785951092635514,,,,,,,,,,,,
natural_rounding_w4_c1.0_step800,natural_rounding,natural_rounding,4,1.0,800,30.530527114868164,0.8711161613464355,,25.41901969909668,24.91961669921875,0.15000000596046448,0.003891808234840255,True,7.108672398317139e-05,0.00987270610156088,0.0011070660562836564,0.003891808234840255,0.05945354504729039,,,,,,,,,,,,
natural_rounding_w4_c1.0_step900,natural_rounding,natural_rounding,4,1.0,900,30.50189781188965,0.8707342147827148,,25.38919448852539,24.94988441467285,0.15000000596046448,0.0038555645978988196,True,7.946566856844583e-05,0.009825161513737156,0.0011153539875522257,0.0038555645978988196,0.05929864081554115,,,,,,,,,,,,
natural_rounding_w4_c1.0_step1000,natural_rounding,natural_rounding,4,1.0,1000,30.506763458251953,0.8699730634689331,,25.291399002075195,24.884958267211914,0.15000000596046448,0.0038729288167473896,True,6.777271119062789e-05,0.009760239619538424,0.0011233014753088354,0.0038729288167473896,0.05853424447195721,,,,,,,,,,,,
natural_rounding_w4_c1.0_step1100,natural_rounding,natural_rounding,4,1.0,1100,30.556201934814453,0.8716273307800293,,25.37209129333496,24.944276809692383,0.15000000596046448,0.0038531937341872435,True,7.416661301249406e-05,0.00972670834081555,0.0011067811370594426,0.0038531937341872435,0.05836431300122058,,,,,,,,,,,,
natural_rounding_w4_c1.0_step1200,natural_rounding,natural_rounding,4,1.0,1200,30.540573120117188,0.8715378642082214,,25.421199798583984,24.86823272705078,0.15000000596046448,0.0038391766730399013,True,7.483139452233445e-05,0.009693363073250794,0.0011082146942499095,0.0038391766730399013,0.05816770702949725,,,,,,,,,,,,
natural_rounding_w4_c1.0_step1300,natural_rounding,natural_rounding,4,1.0,1300,30.542362213134766,0.8719770312309265,,25.483171463012695,24.927295684814453,0.15000000596046448,0.0038405084696933045,True,7.043300465738866e-05,0.00966808434750419,0.0011052505258703604,0.0038405084696933045,0.05792359375482192,,,,,,,,,,,,
natural_rounding_w4_c1.0_step1400,natural_rounding,natural_rounding,4,1.0,1400,30.60430335998535,0.8724763989448547,,25.432254791259766,24.926406860351562,0.15000000596046448,0.003827517802079683,True,7.050013264233712e-05,0.009634820295747203,0.0010961126288748346,0.003827517802079683,0.057720524273463525,,,,,,,,,,,,
natural_rounding_w4_c1.0_step1500,natural_rounding,natural_rounding,4,1.0,1500,30.577823638916016,0.8725296854972839,,25.547073364257812,24.996726989746094,0.15000000596046448,0.0038247855237472095,True,6.350357334667933e-05,0.009614161474891603,0.0010929589290753939,0.0038247855237472095,0.057576241644710535,,,,,,,,,,,,
natural_rounding_w4_c1.0_step1600,natural_rounding,natural_rounding,4,1.0,1600,30.590927124023438,0.8722144365310669,,25.472566604614258,24.945619583129883,0.15000000596046448,0.003823119535979913,True,6.389435147866607e-05,0.009567480706562038,0.0010979520899127237,0.003823119535979913,0.05712413994842791,,,,,,,,,,,,
natural_rounding_w4_c1.0_step1700,natural_rounding,natural_rounding,4,1.0,1700,30.606708526611328,0.8727797269821167,,25.515878677368164,24.981002807617188,0.15000000596046448,0.0038103226873289486,True,6.328676872726646e-05,0.00957926384666905,0.001090671894780826,0.0038103226873289486,0.057372977749764686,,,,,,,,,,,,
natural_rounding_w4_c1.0_step1800,natural_rounding,natural_rounding,4,1.0,1800,30.586490631103516,0.8724151849746704,,25.50881576538086,24.95315170288086,0.15000000596046448,0.0038185263093026833,True,7.310937808142625e-05,0.009556937129033827,0.0010963058128254488,0.0038185263093026833,0.0570185613069043,,,,,,,,,,,,
natural_rounding_w4_c1.0_step1900,natural_rounding,natural_rounding,4,1.0,1900,30.599872589111328,0.8724963068962097,,25.515119552612305,24.938785552978516,0.15000000596046448,0.0038176829615252927,True,6.28566495834093e-05,0.009580481605652835,0.0010910112774581648,0.0038176829615252927,0.05731370319335838,,,,,,,,,,,,
natural_rounding_w4_c1.0_step2000,natural_rounding,natural_rounding,4,1.0,2000,30.59357261657715,0.8725954294204712,,25.536245346069336,24.975276947021484,0.15000000596046448,0.003803530478023731,True,7.32420405256562e-05,0.009573129421175964,0.0010954949058941566,0.003803530478023731,0.05732977922889404,,,,,,,,,,,,
natural_teacher_rounding_w4_c1.0_step0,rtn_fallback,natural_teacher_rounding,4,1.0,0,33.350563049316406,0.943604588508606,,29.569313049316406,28.79359245300293,0.0,0.004609984279966284,True,8.52526811286225e-05,0.014827995762595948,0.0005406601558206603,0.004609984279966284,0.08563281597889727,,,,0.0016121035441756248,,,,,,,,
natural_teacher_rounding_w4_c1.0_step100,natural_teacher_rounding,natural_teacher_rounding,4,1.0,100,31.730804443359375,0.9071434140205383,,27.12135124206543,26.530792236328125,0.0,0.004050213261564295,True,7.386814158962806e-05,0.011480383375203473,0.000815182003134396,0.004050213261564295,0.06496081190562109,,,,0.0008971548522822559,,,,,,,,
natural_teacher_rounding_w4_c1.0_step200,natural_teacher_rounding,natural_teacher_rounding,4,1.0,200,31.021982192993164,0.8857122659683228,,26.297000885009766,25.633562088012695,0.10000000149011612,0.003975829370517658,True,8.302019487018696e-05,0.011007640155855824,0.000977509529911913,0.003975829370517658,0.062969062346383,,,,0.0006933944532647729,,,,,,,,
natural_teacher_rounding_w4_c1.0_step300,natural_teacher_rounding,natural_teacher_rounding,4,1.0,300,30.64272689819336,0.8705466389656067,,25.710773468017578,25.166461944580078,0.15000000596046448,0.0039023066314882726,True,7.34620411094511e-05,0.01066381159277512,0.001071067518205382,0.0039023066314882726,0.06145451368865906,,,,0.0005793225718662143,,,,,,,,
natural_teacher_rounding_w4_c1.0_step400,natural_teacher_rounding,natural_teacher_rounding,4,1.0,400,30.43060874938965,0.8625502586364746,,25.324846267700195,24.855998992919922,0.20000000298023224,0.003863466951202099,True,9.467340023547877e-05,0.010560581668846682,0.0011351233421009964,0.003863466951202099,0.061551737857371336,,,,0.0004946042317897081,,,,,,,,
natural_teacher_rounding_w4_c1.0_step500,natural_teacher_rounding,natural_teacher_rounding,4,1.0,500,30.211833953857422,0.854647159576416,,25.036840438842773,24.480398178100586,0.30000001192092896,0.0038724197001727134,True,7.767324459564406e-05,0.010342716435269494,0.0011968548395088873,0.0038724197001727134,0.05972548178397119,,,,0.00045891193440183997,,,,,,,,
natural_teacher_rounding_w4_c1.0_step600,natural_teacher_rounding,natural_teacher_rounding,4,1.0,600,30.13498306274414,0.8511964082717896,,24.770559310913086,24.357301712036133,0.3499999940395355,0.00383048634091665,True,8.300687068185653e-05,0.010279835068672583,0.0012276104433112777,0.00383048634091665,0.05979812172881793,,,,0.000428033119533211,,,,,,,,
natural_teacher_rounding_w4_c1.0_step700,natural_teacher_rounding,natural_teacher_rounding,4,1.0,700,30.062667846679688,0.8483775854110718,,24.759355545043945,24.296531677246094,0.3499999940395355,0.0038411358421512887,True,8.978920304798521e-05,0.010204171107318416,0.0012520289979875087,0.0038411358421512887,0.059128971239260864,,,,0.0004052435397170484,,,,,,,,
natural_teacher_rounding_w4_c1.0_step800,natural_teacher_rounding,natural_teacher_rounding,4,1.0,800,30.062335968017578,0.8494885563850403,,24.81867790222168,24.335432052612305,0.3499999940395355,0.0038173228841742457,True,8.308357682835776e-05,0.010163663704884128,0.001249186453060247,0.0038173228841742457,0.059173081597691635,,,,0.00038749087252654135,,,,,,,,
natural_teacher_rounding_w4_c1.0_step900,natural_teacher_rounding,natural_teacher_rounding,4,1.0,900,30.01296043395996,0.8471654057502747,,24.718605041503906,24.279327392578125,0.3499999940395355,0.0037923728282720504,True,8.787325459707063e-05,0.010085757594558232,0.0012617770655197092,0.0037923728282720504,0.058764066197909415,,,,0.00037304151919670403,,,,,,,,
natural_teacher_rounding_w4_c1.0_step1000,natural_teacher_rounding,natural_teacher_rounding,4,1.0,1000,30.0036563873291,0.8468496203422546,,24.729089736938477,24.274188995361328,0.3499999940395355,0.003814711277172478,True,9.082765736820875e-05,0.010078031493466711,0.0012635301798582077,0.003814711277172478,0.05851953833916923,,,,0.0003659525536932051,,,,,,,,
natural_teacher_rounding_w4_c1.0_step1100,natural_teacher_rounding,natural_teacher_rounding,4,1.0,1100,30.071950912475586,0.8477994203567505,,24.810163497924805,24.32518196105957,0.3499999940395355,0.003790846871694953,True,7.443663271260448e-05,0.009994821220740847,0.0012457651871955022,0.003790846871694953,0.05803728996033897,,,,0.00036302703665569425,,,,,,,,
natural_teacher_rounding_w4_c1.0_step1200,natural_teacher_rounding,natural_teacher_rounding,4,1.0,1200,29.911224365234375,0.8454939723014832,,24.721555709838867,24.21978187561035,0.3499999940395355,0.0037935283154268973,True,0.00010989652218995616,0.009982059261446352,0.0012860085189458914,0.0037935283154268973,0.057829357483569765,,,,0.00035064693656750023,,,,,,,,
natural_teacher_rounding_w4_c1.0_step1300,natural_teacher_rounding,natural_teacher_rounding,4,1.0,1300,30.055450439453125,0.8468877077102661,,24.81716537475586,24.330352783203125,0.3499999940395355,0.003775917846326138,True,7.813646789145423e-05,0.009925879523382263,0.001247717511432711,0.003775917846326138,0.057633697550045326,,,,0.0003475236881058663,,,,,,,,
natural_teacher_rounding_w4_c1.0_step1400,natural_teacher_rounding,natural_teacher_rounding,4,1.0,1400,30.003162384033203,0.8461189270019531,,24.84054946899414,24.33039093017578,0.3499999940395355,0.003774279972532213,True,9.718834171508206e-05,0.009940668951259113,0.0012575392975122668,0.003774279972532213,0.057774797602178296,,,,0.0003403150476515293,,,,,,,,
natural_teacher_rounding_w4_c1.0_step1500,natural_teacher_rounding,natural_teacher_rounding,4,1.0,1500,29.983821868896484,0.8462705612182617,,24.789762496948242,24.3253116607666,0.3499999940395355,0.0037652397445384622,True,9.44792342124856e-05,0.009856335462959009,0.0012685650479397736,0.0037652397445384622,0.05711660323868273,,,,0.00033219577744603157,,,,,,,,
natural_teacher_rounding_w4_c1.0_step1600,natural_teacher_rounding,natural_teacher_rounding,4,1.0,1600,30.008544921875,0.846697986125946,,24.719057083129883,24.24502182006836,0.3499999940395355,0.0037702448653647025,True,9.158214561466593e-05,0.00982647937601655,0.001269957175827585,0.0037702448653647025,0.05677452019881457,,,,0.00033299141796305776,,,,,,,,
natural_teacher_rounding_w4_c1.0_step1700,natural_teacher_rounding,natural_teacher_rounding,4,1.0,1700,30.030391693115234,0.8469976186752319,,24.73212432861328,24.24109649658203,0.3499999940395355,0.003761554953655377,True,9.163502636511112e-05,0.009817563512990547,0.0012650297139771283,0.003761554953655377,0.05680551545447088,,,,0.0003296395007055253,,,,,,,,
natural_teacher_rounding_w4_c1.0_step1800,natural_teacher_rounding,natural_teacher_rounding,4,1.0,1800,30.058568954467773,0.8477938771247864,,24.77556800842285,24.321762084960938,0.3499999940395355,0.0037714274352964594,True,8.34773522001342e-05,0.00981515822870449,0.0012518497460405342,0.0037714274352964594,0.0567203410428192,,,,0.00032995801302604377,,,,,,,,
natural_teacher_rounding_w4_c1.0_step1900,natural_teacher_rounding,natural_teacher_rounding,4,1.0,1900,30.049678802490234,0.8470565676689148,,24.796480178833008,24.288320541381836,0.3499999940395355,0.0037537508401186415,True,8.202013059417368e-05,0.00978447669416198,0.001252476146328263,0.0037537508401186415,0.05666738416766748,,,,0.0003229773719795048,,,,,,,,
natural_teacher_rounding_w4_c1.0_step2000,natural_teacher_rounding,natural_teacher_rounding,4,1.0,2000,30.0209903717041,0.8468345403671265,,24.753925323486328,24.301563262939453,0.3499999940395355,0.0037542312322216276,True,9.297477954532951e-05,0.009785354210168863,0.0012613511964445934,0.0037542312322216276,0.05668112485363963,,,,0.00031652310281060636,,,,,,,,
natural_residual_w4_c1.0_step0,rtn_fallback,natural_residual,4,1.0,0,33.350563049316406,0.943604588508606,,29.569313049316406,28.79359245300293,0.0,0.004609984279966284,True,8.52526811286225e-05,0.0446873406594591,0.0005406601558206603,0.004609984279966284,0.08563281597889727,0.031471448441038774,,,,,,,,,,,
natural_residual_w4_c1.0_step100,natural_residual,natural_residual,4,1.0,100,31.023101806640625,0.8850472569465637,,25.92874526977539,25.45836639404297,0.05000000074505806,0.003975295049002625,True,6.540974936797284e-05,0.0368159807621339,0.0009803312015719712,0.003975295049002625,0.07039442430686904,0.02576853840776039,,,,,,,,,,,
natural_residual_w4_c1.0_step200,natural_residual,natural_residual,4,1.0,200,30.271255493164062,0.8607792854309082,,24.863597869873047,24.601459503173828,0.25,0.003979018071589735,True,8.180040204024408e-05,0.03601803482593482,0.0012031456353724934,0.003979018071589735,0.06685188458504854,0.02531292809482011,,,,,,,,,,,
natural_residual_w4_c1.0_step300,natural_residual,natural_residual,4,1.0,300,29.896770477294922,0.8454200625419617,,24.257959365844727,24.14603042602539,0.3499999940395355,0.003935368114582616,True,7.499257517338265e-05,0.03538388157979852,0.0013215158644015901,0.003935368114582616,0.0647818978104624,0.02493282739658298,,,,,,,,,,,
natural_residual_w4_c1.0_step400,natural_residual,natural_residual,4,1.0,400,29.66794204711914,0.8336283564567566,,24.107666015625,23.80707550048828,0.3499999940395355,0.003940172989871371,True,7.268939671121189e-05,0.03514871924861609,0.001392371927795466,0.003940172989871371,0.0633240270180977,0.024839798858579343,,,,,,,,,,,
natural_residual_w4_c1.0_step500,natural_residual,natural_residual,4,1.0,500,29.550128936767578,0.827441394329071,,23.858793258666992,23.415908813476562,0.4000000059604645,0.003922011441119366,True,6.724410050082952e-05,0.03484443699463213,0.0014456974371569232,0.003922011441119366,0.062097703710605856,0.024679033132201766,,,,,,,,,,,
natural_residual_w4_c1.0_step600,natural_residual,natural_residual,4,1.0,600,29.4989013671875,0.8241302371025085,,23.789012908935547,23.49382781982422,0.4000000059604645,0.0038704771126845117,True,7.37609821044316e-05,0.03470291255881648,0.001457144036248792,0.0038704771126845117,0.06262473217066145,0.024533081738013607,,,,,,,,,,,
natural_residual_w4_c1.0_step700,natural_residual,natural_residual,4,1.0,700,29.516433715820312,0.8221131563186646,,23.756853103637695,23.410493850708008,0.4000000059604645,0.003884009075591166,True,7.42006368454895e-05,0.03443039008608366,0.0014690946161863394,0.003884009075591166,0.060949234659346985,0.024414357226135053,,,,,,,,,,,
natural_residual_w4_c1.0_step800,natural_residual,natural_residual,4,1.0,800,29.38228988647461,0.8210150599479675,,23.801342010498047,23.446455001831055,0.4000000059604645,0.003871546211925647,True,8.280291276605568e-05,0.03435802998373844,0.0014956630824599416,0.003871546211925647,0.06115113282794482,0.02432996903263529,,,,,,,,,,,
natural_residual_w4_c1.0_step900,natural_residual,natural_residual,4,1.0,900,29.415462493896484,0.8213275671005249,,23.7514705657959,23.376049041748047,0.4000000059604645,0.003856332299264409,True,7.836050554033136e-05,0.034148441813348994,0.001495650717697572,0.003856332299264409,0.060274348230450414,0.02422549443826938,,,,,,,,,,,
natural_residual_w4_c1.0_step1000,natural_residual,natural_residual,4,1.0,1000,29.43881607055664,0.8205380439758301,,23.740150451660156,23.385276794433594,0.44999998807907104,0.0038601938987881113,True,7.238059824885568e-05,0.034090317819322986,0.0014912416125298477,0.0038601938987881113,0.05938891488403897,0.024255042133006555,,,,,,,,,,,
natural_residual_w4_c1.0_step1100,natural_residual,natural_residual,4,1.0,1100,29.488506317138672,0.8213597536087036,,23.825654983520508,23.49787139892578,0.44999998807907104,0.00385053251119416,True,6.190972289914498e-05,0.03399773260167649,0.0014666674644104206,0.00385053251119416,0.05896309825766366,0.02421993540326639,,,,,,,,,,,
natural_residual_w4_c1.0_step1200,natural_residual,natural_residual,4,1.0,1200,29.42131996154785,0.8217503428459167,,23.747215270996094,23.451900482177734,0.44999998807907104,0.003836110282279037,True,7.335450745813433e-05,0.03392829409758349,0.0014830970932962373,0.003836110282279037,0.058879955216980306,0.024167511039877354,,,,,,,,,,,
natural_residual_w4_c1.0_step1300,natural_residual,natural_residual,4,1.0,1300,29.4671573638916,0.8220012784004211,,23.764158248901367,23.464801788330078,0.4000000059604645,0.0038226169724566716,True,7.32844138838118e-05,0.0338535335266215,0.0014765709958737717,0.0038226169724566716,0.05871358339936705,0.02412291600728622,,,,,,,,,,,
natural_residual_w4_c1.0_step1400,natural_residual,natural_residual,4,1.0,1400,29.503536224365234,0.8225874900817871,,23.799205780029297,23.49258041381836,0.4000000059604645,0.00381107862736485,True,6.947813408260117e-05,0.03378596998534818,0.0014627207870944402,0.00381107862736485,0.058653095442423364,0.024074842746699687,,,,,,,,,,,
natural_residual_w4_c1.0_step1500,natural_residual,natural_residual,4,1.0,1500,29.459569931030273,0.821658730506897,,23.775510787963867,23.53653907775879,0.44999998807907104,0.003816424045567146,True,6.850371046311921e-05,0.03373059166400481,0.0014727160989423283,0.003816424045567146,0.058395110889250645,0.024040404674281035,,,,,,,,,,,
natural_residual_w4_c1.0_step1600,natural_residual,natural_residual,4,1.0,1600,29.464508056640625,0.8220750689506531,,23.835317611694336,23.497201919555664,0.4000000059604645,0.0038087348507787055,True,6.876853794892667e-05,0.03372721414832256,0.00146995718969265,0.0038087348507787055,0.05843948930851184,0.024040146097718207,,,,,,,,,,,
natural_residual_w4_c1.0_step1700,natural_residual,natural_residual,4,1.0,1700,29.48691749572754,0.8216983675956726,,23.79408836364746,23.470975875854492,0.4000000059604645,0.003796854857228027,True,7.046536575217033e-05,0.03365928628415986,0.001470541991875507,0.003796854857228027,0.05852561179563054,0.023974637564492696,,,,,,,,,,,
natural_residual_w4_c1.0_step1800,natural_residual,natural_residual,4,1.0,1800,29.49802017211914,0.8233086466789246,,23.782306671142578,23.48222541809082,0.4000000059604645,0.0038043327439254426,True,7.196101960289525e-05,0.0336305163142697,0.0014668276940938084,0.0038043327439254426,0.057970722918980755,0.023993130768644733,,,,,,,,,,,
natural_residual_w4_c1.0_step1900,natural_residual,natural_residual,4,1.0,1900,29.501989364624023,0.8222417831420898,,23.813390731811523,23.48800277709961,0.44999998807907104,0.003799453964205668,True,7.034151904008467e-05,0.03357432131227256,0.0014677222148748114,0.003799453964205668,0.05782269266273943,0.023957427322272906,,,,,,,,,,,
natural_residual_w4_c1.0_step2000,natural_residual,natural_residual,4,1.0,2000,29.487804412841797,0.8219000101089478,,23.779691696166992,23.48257827758789,0.44999998807907104,0.0038027763839636464,True,7.231915415104596e-05,0.03357098408071124,0.001471862023754511,0.0038027763839636464,0.05784048230270855,0.023947999889401217,,,,,,,,,,,
natural_joint_finetune_w32_c1.0_step0,marked_fp32_fallback,natural_joint_finetune,32,1.0,0,120.0,1.0,,120.0,120.0,0.0,0.0044825395657994704,True,0.0,0.0258993318078592,0.0,0.0044825395657994704,0.07518677371990634,,,0.028499546675448073,,0.013613119403314614,33.350563049316406,0.943604588508606,True,True,,,
natural_joint_finetune_w32_c1.0_step100,natural_joint_finetune,natural_joint_finetune,32,1.0,100,27.994487762451172,0.8095601797103882,,23.294721603393555,23.13394546508789,0.44999998807907104,0.004709403323431616,True,0.0002286347978952108,0.027711052649701744,0.0019150955427903681,0.004709403323431616,0.085564754474035,,,0.03584523771860404,,0.014086721501680586,27.836034774780273,0.8025578260421753,True,True,,,
natural_joint_finetune_w32_c1.0_step200,natural_joint_finetune,natural_joint_finetune,32,1.0,200,27.346363067626953,0.8114388585090637,,23.169260025024414,22.59708023071289,0.4000000059604645,0.004585990024565945,True,0.0004219828057102859,0.026602527711474977,0.0021409554610727355,0.004585990024565945,0.08075206972716842,,,0.03721161148860119,,0.013569214599306179,26.9675235748291,0.8065938949584961,True,True,,,
natural_joint_finetune_w32_c1.0_step300,natural_joint_finetune,natural_joint_finetune,32,1.0,300,28.213211059570312,0.8071945905685425,,23.361902236938477,23.08831214904785,0.44999998807907104,0.004410964300973319,True,0.00019776083463511894,0.02574421977342581,0.0018488339410396293,0.004410964300973319,0.07836283655342413,,,0.03321358443645295,,0.01316483597274555,27.98613929748535,0.8007969856262207,True,True,,,
natural_joint_finetune_w32_c1.0_step400,natural_joint_finetune,natural_joint_finetune,32,1.0,400,27.530004501342773,0.7967346906661987,,23.362548828125,22.839262008666992,0.44999998807907104,0.004616865648586099,False,0.0003125652547169011,0.027643565152584412,0.0020559828262776136,0.004616865648586099,0.08435272864880972,,,0.03445080736128148,,0.01424691856550453,27.08780860900879,0.7892318367958069,False,False,,,
natural_joint_finetune_w32_c1.0_step500,natural_joint_finetune,natural_joint_finetune,32,1.0,500,28.09122085571289,0.804115891456604,,23.31070899963379,22.554407119750977,0.44999998807907104,0.004389653158796136,True,0.00019895615841960534,0.02422434867875836,0.0019096557516604662,0.004389653158796136,0.07136760631692596,,,0.027411167000536807,,0.01242382321826426,27.709768295288086,0.800193190574646,True,True,,,
natural_joint_finetune_w32_c1.0_step600,natural_joint_finetune,natural_joint_finetune,32,1.0,600,27.825923919677734,0.7950277328491211,,23.173336029052734,22.683218002319336,0.44999998807907104,0.004344923131384348,False,0.00026776231316034683,0.024529442610933073,0.0019899696402717383,0.004344923131384348,0.07431143747089664,,,0.026952324391459115,,0.01248385248854447,27.609111785888672,0.7887542843818665,False,False,,,
natural_joint_finetune_w32_c1.0_step700,natural_joint_finetune,natural_joint_finetune,32,1.0,700,27.7607364654541,0.8021305203437805,,23.319015502929688,22.858064651489258,0.44999998807907104,0.004409000868236035,False,0.000345377506891964,0.024331378955002946,0.00197655308584217,0.004409000868236035,0.07259333874389995,,,0.02681285748985829,,0.012394915637478333,27.523168563842773,0.7988632917404175,True,False,,,
natural_joint_finetune_w32_c1.0_step800,natural_joint_finetune,natural_joint_finetune,32,1.0,800,28.32525062561035,0.8065544366836548,,23.32004737854004,23.056102752685547,0.44999998807907104,0.0042280156790184265,True,0.00017086631924030372,0.023558793097031412,0.0017991146771237255,0.0042280156790184265,0.07058991756639443,,,0.026150995574425906,,0.012010275705629283,28.068538665771484,0.8026818037033081,True,True,,,
natural_joint_finetune_w32_c1.0_step900,natural_joint_finetune,natural_joint_finetune,32,1.0,900,28.411834716796875,0.8094223141670227,,23.685514450073242,23.252532958984375,0.4000000059604645,0.004154691189057758,True,0.00019178466172888874,0.02347036599628382,0.0017505271680420265,0.004154691189057758,0.07114388739864808,,,0.029027394881268265,,0.01191101211854857,28.17983627319336,0.8063729405403137,True,True,,,
natural_joint_finetune_w32_c1.0_step1000,natural_joint_finetune,natural_joint_finetune,32,1.0,1000,28.495052337646484,0.8076601028442383,,23.344499588012695,23.069543838500977,0.44999998807907104,0.004084885698773633,True,0.0001676887750363676,0.02209778654397951,0.001750920424819924,0.004084885698773633,0.06539554290793603,,,0.022666441636829404,,0.011246682138043978,28.235118865966797,0.8029770851135254,True,True,,,
natural_joint_finetune_w32_c1.0_step1100,natural_joint_finetune,natural_joint_finetune,32,1.0,1100,28.7987060546875,0.8146702647209167,,23.76430320739746,23.39765167236328,0.4000000059604645,0.0040408360573565005,True,0.0001335089560598135,0.021757787869807997,0.0016378405358409508,0.0040408360573565005,0.06423753809940536,,,0.02061105435132049,,0.011087087458997757,28.620508193969727,0.8127278089523315,True,True,,,
natural_joint_finetune_w32_c1.0_step1200,natural_joint_finetune,natural_joint_finetune,32,1.0,1200,28.843463897705078,0.8147038221359253,,23.77594757080078,23.318038940429688,0.44999998807907104,0.004003854680775021,True,0.00011938701372855575,0.021243107123232224,0.0016320603695930912,0.004003854680775021,0.0628896916314261,,,0.018667114609343116,,0.01076361213322116,28.633508682250977,0.8116067051887512,True,True,,,
natural_joint_finetune_w32_c1.0_step1300,natural_joint_finetune,natural_joint_finetune,32,1.0,1300,28.90230369567871,0.8160648345947266,,23.75819206237793,23.297107696533203,0.44999998807907104,0.003986650371388123,True,0.00012671427357417996,0.02099231676583145,0.0016162097919732333,0.003986650371388123,0.061879877881438006,,,0.018643199904545327,,0.010631246607254072,28.749603271484375,0.8124175071716309,True,True,,,
natural_joint_finetune_w32_c1.0_step1400,natural_joint_finetune,natural_joint_finetune,32,1.0,1400,28.866252899169922,0.8139531016349792,,23.6756649017334,23.2099552154541,0.44999998807907104,0.003987374215824957,True,0.00011815980233222944,0.020642643117697618,0.0016315635555656626,0.003987374215824957,0.060251018760027364,,,0.017628473027798464,,0.01045388229559194,28.7276554107666,0.810228705406189,True,True,,,
natural_joint_finetune_w32_c1.0_step1500,natural_joint_finetune,natural_joint_finetune,32,1.0,1500,28.942922592163086,0.8172467947006226,,23.890380859375,23.395553588867188,0.4000000059604645,0.003939080965480457,True,0.00011002206083503552,0.02049090529326861,0.001592532945505809,0.003939080965480457,0.06010303613584256,,,0.017062150840502,,0.010370899205798877,28.807947158813477,0.8139729499816895,True,True,,,
natural_joint_finetune_w32_c1.0_step1600,natural_joint_finetune,natural_joint_finetune,32,1.0,1600,28.903024673461914,0.8171780705451965,,23.86560821533203,23.234577178955078,0.4000000059604645,0.003944192218881426,True,0.00012903735841973685,0.020247651398786957,0.0016130914242239668,0.003944192218881426,0.05889158024729113,,,0.016804533186586923,,0.01024625582331055,28.732219696044922,0.8135795593261719,True,True,,,
natural_joint_finetune_w32_c1.0_step1700,natural_joint_finetune,natural_joint_finetune,32,1.0,1700,28.965972900390625,0.819966197013855,,23.87815284729004,23.403703689575195,0.4000000059604645,0.00390154109948071,True,0.00013041025031270692,0.02010763617359544,0.0015835905214771628,0.00390154109948071,0.05878698677770444,,,0.01676314170617843,,0.010159764979282499,28.780471801757812,0.8172079920768738,True,True,,,
natural_joint_finetune_w32_c1.0_step1800,natural_joint_finetune,natural_joint_finetune,32,1.0,1800,29.05161476135254,0.82020103931427,,23.947721481323242,23.401613235473633,0.4000000059604645,0.0038883805926275272,True,0.0001161633092124248,0.019994956991713483,0.001560554644674994,0.0038883805926275272,0.05845425984443864,,,0.01647193516146217,,0.010096431063027468,28.917978286743164,0.817790687084198,True,True,,,
natural_joint_finetune_w32_c1.0_step1900,natural_joint_finetune,natural_joint_finetune,32,1.0,1900,29.02572250366211,0.8204204440116882,,23.916912078857422,23.42841148376465,0.4000000059604645,0.0038925496998842846,True,0.0001227177617693087,0.019887749915980066,0.001568576373392716,0.0038925496998842846,0.057891813026799355,,,0.01627640328661073,,0.010043254880549739,28.841899871826172,0.817670464515686,True,True,,,
natural_joint_finetune_w32_c1.0_step2000,natural_joint_finetune,natural_joint_finetune,32,1.0,2000,29.10537338256836,0.8206366300582886,,23.960411071777344,23.49829864501953,0.4000000059604645,0.0038607128381897837,True,0.0001145125532275415,0.01977942533239116,0.0015431827370775864,0.0038607128381897837,0.057793439485976705,,,0.015799651029738015,,0.009981372035306323,28.984838485717773,0.8181716799736023,True,True,,,
natural_residual_qat_warm_w4_c1.0_step0,rtn_fallback,natural_residual_qat_warm,4,1.0,0,29.487804412841797,0.8219000101089478,,23.779691696166992,23.48257827758789,0.44999998807907104,0.0038027763839636464,True,7.231915415104596e-05,0.03357098408071124,0.001471862023754511,0.0038027763839636464,0.05784048230270855,0.023947999889401217,,,,,,,,,0.032524943351745605,0.2913733466341625,0.0
natural_residual_qat_warm_w4_c1.0_step100,natural_residual_qat_warm,natural_residual_qat_warm,4,1.0,100,29.487804412841797,0.8219000101089478,,23.779691696166992,23.48257827758789,0.44999998807907104,0.0038027763839636464,True,7.231915415104596e-05,0.03357098408071124,0.001471862023754511,0.0038027763839636464,0.05784048230270855,0.023947999889401217,,,,,,,,,0.032524943351745605,0.29142867607978334,0.0
natural_residual_qat_warm_w4_c1.0_step200,natural_residual_qat_warm,natural_residual_qat_warm,4,1.0,200,29.487804412841797,0.8219000101089478,,23.779691696166992,23.48257827758789,0.44999998807907104,0.0038027763839636464,True,7.231915415104596e-05,0.03357098408071124,0.001471862023754511,0.0038027763839636464,0.05784048230270855,0.023947999889401217,,,,,,,,,0.032524943351745605,0.29177183429356107,0.0
natural_residual_qat_warm_w4_c1.0_step300,natural_residual_qat_warm,natural_residual_qat_warm,4,1.0,300,29.487804412841797,0.8219000101089478,,23.779691696166992,23.48257827758789,0.44999998807907104,0.0038027763839636464,True,7.231915415104596e-05,0.03357098408071124,0.001471862023754511,0.0038027763839636464,0.05784048230270855,0.023947999889401217,,,,,,,,,0.032524943351745605,0.2923041116091204,0.0
natural_residual_qat_warm_w4_c1.0_step400,natural_residual_qat_warm,natural_residual_qat_warm,4,1.0,400,29.487804412841797,0.8219000101089478,,23.779691696166992,23.48257827758789,0.44999998807907104,0.0038027763839636464,True,7.231915415104596e-05,0.03357098408071124,0.001471862023754511,0.0038027763839636464,0.05784048230270855,0.023947999889401217,,,,,,,,,0.032524943351745605,0.29309859895055707,0.0
natural_residual_qat_warm_w4_c1.0_step500,natural_residual_qat_warm,natural_residual_qat_warm,4,1.0,500,29.487804412841797,0.8219000101089478,,23.779691696166992,23.48257827758789,0.44999998807907104,0.0038027763839636464,True,7.231915415104596e-05,0.03357098408071124,0.001471862023754511,0.0038027763839636464,0.05784048230270855,0.023947999889401217,,,,,,,,,0.032524943351745605,0.2940921100055536,0.0
natural_residual_qat_warm_w4_c1.0_step600,natural_residual_qat_warm,natural_residual_qat_warm,4,1.0,600,29.487804412841797,0.8219000101089478,,23.779691696166992,23.48257827758789,0.44999998807907104,0.0038027763839636464,True,7.231915415104596e-05,0.03357098408071124,0.001471862023754511,0.0038027763839636464,0.05784048230270855,0.023947999889401217,,,,,,,,,0.032524943351745605,0.2952288488964617,0.0
natural_residual_qat_warm_w4_c1.0_step700,natural_residual_qat_warm,natural_residual_qat_warm,4,1.0,700,29.494579315185547,0.8217889070510864,,23.786853790283203,23.48346519470215,0.44999998807907104,0.0038038292642568194,True,6.853232489447691e-05,0.033558430296329794,0.001469375162560027,0.0038038292642568194,0.05773747969942633,0.023946586899683098,,,,,,,,,0.03252514451742172,0.2962932030646857,8.088583314247444e-08
natural_residual_qat_warm_w4_c1.0_step800,natural_residual_qat_warm,natural_residual_qat_warm,4,1.0,800,29.472187042236328,0.8214947581291199,,23.75126838684082,23.477474212646484,0.44999998807907104,0.0038071205869698588,True,7.531035234933369e-05,0.033554042387544315,0.001478297810535878,0.0038071205869698588,0.05767226113312063,0.023942040511087725,,,,,,,,,0.032525405287742615,0.29716633004279835,2.2243604291816155e-07
natural_residual_qat_warm_w4_c1.0_step900,natural_residual_qat_warm,natural_residual_qat_warm,4,1.0,900,29.472911834716797,0.8215597867965698,,23.753374099731445,23.481016159057617,0.44999998807907104,0.0038039981414783597,True,7.377354231721255e-05,0.03353960028245524,0.0014771407484658993,0.0038039981414783597,0.05762917311585625,0.02393579805823265,,,,,,,,,0.03252581134438515,0.2979753455925848,4.0442915860694484e-07
natural_residual_qat_warm_w4_c1.0_step1000,natural_residual_qat_warm,natural_residual_qat_warm,4,1.0,1000,29.470556259155273,0.821475625038147,,23.75189781188965,23.47287940979004,0.44999998807907104,0.0038050267151845674,True,7.606568051414797e-05,0.03353383093244133,0.0014789289023610763,0.0038050267151845674,0.05760133161311387,0.023930638215688305,,,,,,,,,0.03252637758851051,0.29853356248344687,4.853150130657014e-07
natural_residual_qat_warm_w4_c1.0_step1100,natural_residual_qat_warm,natural_residual_qat_warm,4,1.0,1100,29.452627182006836,0.8213445544242859,,23.75779151916504,23.472782135009766,0.44999998807907104,0.0038095404864293414,True,7.238720336317783e-05,0.033565370096937386,0.001478706087800674,0.0038095404864293414,0.05784335904172622,0.023935300104653834,,,,,,,,,0.03252694383263588,0.29909297949233654,5.055364340478263e-07
natural_residual_qat_warm_w4_c1.0_step1200,natural_residual_qat_warm,natural_residual_qat_warm,4,1.0,1200,29.44270896911621,0.8212000131607056,,23.725543975830078,23.462726593017578,0.44999998807907104,0.003809658937200311,True,7.967947894940152e-05,0.03356374574465235,0.0014864333279547282,0.003809658937200311,0.05783500760662719,0.02393074630731462,,,,,,,,,0.03252755105495453,0.2995768125263867,6.066437663321267e-07
natural_residual_qat_warm_w4_c1.0_step1300,natural_residual_qat_warm,natural_residual_qat_warm,4,1.0,1300,29.463912963867188,0.8215112686157227,,23.753225326538086,23.470909118652344,0.44999998807907104,0.003806278644390204,True,7.715328711128677e-05,0.033527982457110285,0.0014793878319323995,0.003806278644390204,0.05760465246567037,0.0239226619225974,,,,,,,,,0.03252815827727318,0.29995716206355083,7.27972519598552e-07
natural_residual_qat_warm_w4_c1.0_step1400,natural_residual_qat_warm,natural_residual_qat_warm,4,1.0,1400,29.47726821899414,0.8215958476066589,,23.74679946899414,23.471023559570312,0.44999998807907104,0.0038019070888708484,True,7.589198776258854e-05,0.033523703868957,0.0014774758921703324,0.0038019070888708484,0.05763175267566112,0.023920675518638745,,,,,,,,,0.032528478652238846,0.3002329076234295,7.48193940580677e-07
natural_residual_qat_warm_w4_c1.0_step1500,natural_residual_qat_warm,natural_residual_qat_warm,4,1.0,1500,29.479656219482422,0.8216423988342285,,23.774187088012695,23.48362922668457,0.44999998807907104,0.003802373539713244,True,7.040579484964837e-05,0.033521228139579765,0.0014723764470545575,0.003802373539713244,0.05763690171079361,0.023919961531362333,,,,,,,,,0.032529067248106,0.3004371235033489,8.290797950394335e-07
natural_residual_qat_warm_w4_c1.0_step1600,natural_residual_qat_warm,natural_residual_qat_warm,4,1.0,1600,29.481740951538086,0.8216667175292969,,23.761999130249023,23.477603912353516,0.44999998807907104,0.003803400693229264,True,7.066773569022188e-05,0.03351633967558598,0.00147314528003335,0.003803400693229264,0.05758881368092261,0.023918723746419346,,,,,,,,,0.03252951055765152,0.3006108532073192,8.695226938471023e-07
natural_residual_qat_warm_w4_c1.0_step1700,natural_residual_qat_warm,natural_residual_qat_warm,4,1.0,1700,29.488361358642578,0.8217982053756714,,23.78377914428711,23.481021881103516,0.44999998807907104,0.003803262306689703,True,6.863381522634882e-05,0.03352294646268774,0.0014700150830321945,0.003803262306689703,0.05760668879156583,0.02392469836922828,,,,,,,,,0.03252951055765152,0.30072209160391195,9.706300261314027e-07
natural_residual_qat_warm_w4_c1.0_step1800,natural_residual_qat_warm,natural_residual_qat_warm,4,1.0,1800,29.489505767822266,0.82173091173172,,23.777437210083008,23.484512329101562,0.44999998807907104,0.003800753304915361,True,6.982578734096023e-05,0.03351168939317404,0.001470556782442145,0.003800753304915361,0.057580700082326075,0.02391795318635559,,,,,,,,,0.032529592514038086,0.30081416854062765,9.504085483058589e-07
natural_residual_qat_warm_w4_c1.0_step1900,natural_residual_qat_warm,natural_residual_qat_warm,4,1.0,1900,29.480770111083984,0.8214185833930969,,23.76354217529297,23.487825393676758,0.44999998807907104,0.003801930803177811,True,6.966111841393286e-05,0.033520021625150775,0.001473414538486395,0.003801930803177811,0.057592472643591464,0.02392401299840685,,,,,,,,,0.03252991661429405,0.3008806015011463,9.706300261314027e-07
natural_residual_qat_warm_w4_c1.0_step2000,natural_residual_qat_warm,natural_residual_qat_warm,4,1.0,2000,29.48847007751465,0.8216938972473145,,23.7681884765625,23.486974716186523,0.44999998807907104,0.0038007492637461837,True,7.11121298991202e-05,0.0335195467439803,0.0014718365375301801,0.0038007492637461837,0.05762932358265971,0.023920309057018585,,,,,,,,,0.03252973407506943,0.3009219769309755,9.706300261314027e-07
natural_residual_cycle_qat_warm_w4_c1.0_step0,rtn_fallback,natural_residual_cycle_qat_warm,4,1.0,0,29.487804412841797,0.8219000101089478,,23.779691696166992,23.48257827758789,0.44999998807907104,0.0038027763839636464,True,7.231915415104596e-05,0.03391443966468159,0.001471862023754511,0.0038027763839636464,0.05784048230270855,0.023947999889401217,,0.03434555839703535,,,,,,,0.032524943351745605,0.2913733466341625,0.0
natural_residual_cycle_qat_warm_w4_c1.0_step100,natural_residual_cycle_qat_warm,natural_residual_cycle_qat_warm,4,1.0,100,29.487804412841797,0.8219000101089478,,23.779691696166992,23.48257827758789,0.44999998807907104,0.0038027763839636464,True,7.231915415104596e-05,0.03391443966468159,0.001471862023754511,0.0038027763839636464,0.05784048230270855,0.023947999889401217,,0.03434555839703535,,,,,,,0.032524943351745605,0.2914288166911465,0.0
natural_residual_cycle_qat_warm_w4_c1.0_step200,natural_residual_cycle_qat_warm,natural_residual_cycle_qat_warm,4,1.0,200,29.487804412841797,0.8219000101089478,,23.779691696166992,23.48257827758789,0.44999998807907104,0.0038027763839636464,True,7.231915415104596e-05,0.03391443966468159,0.001471862023754511,0.0038027763839636464,0.05784048230270855,0.023947999889401217,,0.03434555839703535,,,,,,,0.032524943351745605,0.29180119880220196,0.0
natural_residual_cycle_qat_warm_w4_c1.0_step300,natural_residual_cycle_qat_warm,natural_residual_cycle_qat_warm,4,1.0,300,29.487804412841797,0.8219000101089478,,23.779691696166992,23.48257827758789,0.44999998807907104,0.0038027763839636464,True,7.231915415104596e-05,0.03391443966468159,0.001471862023754511,0.0038027763839636464,0.05784048230270855,0.023947999889401217,,0.03434555839703535,,,,,,,0.032524943351745605,0.29238953872517204,0.0
natural_residual_cycle_qat_warm_w4_c1.0_step400,natural_residual_cycle_qat_warm,natural_residual_cycle_qat_warm,4,1.0,400,29.487804412841797,0.8219000101089478,,23.779691696166992,23.48257827758789,0.44999998807907104,0.0038027763839636464,True,7.231915415104596e-05,0.03391443966468159,0.001471862023754511,0.0038027763839636464,0.05784048230270855,0.023947999889401217,,0.03434555839703535,,,,,,,0.032524943351745605,0.293253848909972,0.0
natural_residual_cycle_qat_warm_w4_c1.0_step500,natural_residual_cycle_qat_warm,natural_residual_cycle_qat_warm,4,1.0,500,29.487804412841797,0.8219000101089478,,23.779691696166992,23.48257827758789,0.44999998807907104,0.0038027763839636464,True,7.231915415104596e-05,0.03391443966468159,0.001471862023754511,0.0038027763839636464,0.05784048230270855,0.023947999889401217,,0.03434555839703535,,,,,,,0.032524943351745605,0.2943572519504128,0.0
natural_residual_cycle_qat_warm_w4_c1.0_step600,natural_residual_cycle_qat_warm,natural_residual_cycle_qat_warm,4,1.0,600,29.487804412841797,0.8219000101089478,,23.779691696166992,23.48257827758789,0.44999998807907104,0.0038027763839636464,True,7.231915415104596e-05,0.03391443966468159,0.001471862023754511,0.0038027763839636464,0.05784048230270855,0.023947999889401217,,0.03434555839703535,,,,,,,0.032524943351745605,0.2956147171353207,4.044291657123722e-08
natural_residual_cycle_qat_warm_w4_c1.0_step700,natural_residual_cycle_qat_warm,natural_residual_cycle_qat_warm,4,1.0,700,29.498397827148438,0.8217242360115051,,23.7894287109375,23.48276138305664,0.44999998807907104,0.0038082434715391855,True,6.503768508991925e-05,0.0338966175815716,0.0014672618621261791,0.0038082434715391855,0.05768394770348095,0.02394744011041894,,0.034002038672042545,,,,,,,0.03252508491277695,0.29675920637515657,2.0221457930347242e-07
natural_residual_cycle_qat_warm_w4_c1.0_step800,natural_residual_cycle_qat_warm,natural_residual_cycle_qat_warm,4,1.0,800,29.467784881591797,0.8212510347366333,,23.750442504882812,23.474533081054688,0.44999998807907104,0.003810303643717816,True,7.321835228140117e-05,0.03389179793243329,0.0014779013057705016,0.003810303643717816,0.057629618375358405,0.02394442568197519,,0.03374975930637447,,,,,,,0.03252575173974037,0.29776513768798935,5.66200810681039e-07
natural_residual_cycle_qat_warm_w4_c1.0_step900,natural_residual_cycle_qat_warm,natural_residual_cycle_qat_warm,4,1.0,900,29.47454261779785,0.821416974067688,,23.750459671020508,23.48321533203125,0.44999998807907104,0.003807044334450893,True,7.028604659353732e-05,0.033877639851930326,0.00147592044522753,0.003807044334450893,0.05763407250560704,0.023938013833856076,,0.033403140976588475,,,,,,,0.032526642084121704,0.29857137034261466,8.290797950394335e-07
natural_residual_cycle_qat_warm_w4_c1.0_step1000,natural_residual_cycle_qat_warm,natural_residual_cycle_qat_warm,4,1.0,1000,29.48984146118164,0.821517825126648,,23.7676944732666,23.47804069519043,0.44999998807907104,0.0038058542997134737,True,6.869032667964348e-05,0.03387134161656945,0.0014718934762640856,0.0038058542997134737,0.05763689690866158,0.02393701655512359,,0.03304359075264074,,,,,,,0.03252716735005379,0.2991350878693462,1.0717373015722842e-06
natural_residual_cycle_qat_warm_w4_c1.0_step1100,natural_residual_cycle_qat_warm,natural_residual_cycle_qat_warm,4,1.0,1100,29.478557586669922,0.8212417364120483,,23.752674102783203,23.463573455810547,0.44999998807907104,0.00381007906007369,True,7.046320415611262e-05,0.033862618523377824,0.001475791569100693,0.00381007906007369,0.05756878951069666,0.023931106524969437,,0.03293223851869698,,,,,,,0.03252777084708214,0.2997188755950331,1.1728445770131657e-06
natural_residual_cycle_qat_warm_w4_c1.0_step1200,natural_residual_cycle_qat_warm,natural_residual_cycle_qat_warm,4,1.0,1200,29.47235679626465,0.8211339116096497,,23.752979278564453,23.460962295532227,0.44999998807907104,0.003816211085833743,True,6.782672862755134e-05,0.03386669595028423,0.0014753433802979997,0.003816211085833743,0.05754364101449028,0.023935880412182087,,0.03263269865055918,,,,,,,0.03252900764346123,0.30023661759288667,1.3346162859306787e-06
natural_residual_cycle_qat_warm_w4_c1.0_step1300,natural_residual_cycle_qat_warm,natural_residual_cycle_qat_warm,4,1.0,1300,29.48590660095215,0.8215413093566895,,23.770856857299805,23.48141098022461,0.44999998807907104,0.0038090869373377245,True,6.903858366058557e-05,0.03385330552405321,0.0014723191416123882,0.0038090869373377245,0.057570458848204,0.023924590767080645,,0.032806264298415044,,,,,,,0.03253035992383957,0.3006510266876327,1.4155020835460164e-06
natural_residual_cycle_qat_warm_w4_c1.0_step1400,natural_residual_cycle_qat_warm,natural_residual_cycle_qat_warm,4,1.0,1400,29.469324111938477,0.8213465809822083,,23.7486572265625,23.47458267211914,0.44999998807907104,0.003805952201986429,True,7.63797170293401e-05,0.03385010926405925,0.0014786109924898483,0.003805952201986429,0.05758333928679349,0.02392172259618519,,0.03259106786936172,,,,,,,0.03253110870718956,0.3009374015031537,1.455945039197104e-06
natural_residual_cycle_qat_warm_w4_c1.0_step1500,natural_residual_cycle_qat_warm,natural_residual_cycle_qat_warm,4,1.0,1500,29.486303329467773,0.8214179277420044,,23.774953842163086,23.476896286010742,0.44999998807907104,0.0038083869195588704,True,6.730283057549968e-05,0.03385067090919392,0.0014711520489072427,0.0038083869195588704,0.057590145133872284,0.02392585090939292,,0.03237671515671536,,,,,,,0.03253185749053955,0.3011487350777097,1.5772737924635294e-06
natural_residual_cycle_qat_warm_w4_c1.0_step1600,natural_residual_cycle_qat_warm,natural_residual_cycle_qat_warm,4,1.0,1600,29.474224090576172,0.8214820027351379,,23.772863388061523,23.479890823364258,0.44999998807907104,0.003807277820925492,True,7.07515207977849e-05,0.03384699387516434,0.0014742202867637389,0.003807277820925492,0.057549330304027535,0.023925705653368823,,0.032370161006838316,,,,,,,0.0325322225689888,0.3013218814122899,1.5974951566022355e-06
natural_residual_cycle_qat_warm_w4_c1.0_step1700,natural_residual_cycle_qat_warm,natural_residual_cycle_qat_warm,4,1.0,1700,29.47737693786621,0.8215383291244507,,23.768068313598633,23.478248596191406,0.44999998807907104,0.0038065653197207894,True,7.052913442748832e-05,0.03384301348709584,0.0014738367317477241,0.0038065653197207894,0.05750956351403147,0.023927189753976563,,0.03230374947816017,,,,,,,0.03253260627388954,0.3014322642030422,1.658159590078867e-06
natural_residual_cycle_qat_warm_w4_c1.0_step1800,natural_residual_cycle_qat_warm,natural_residual_cycle_qat_warm,4,1.0,1800,29.488895416259766,0.8216292262077332,,23.77735137939453,23.480260848999023,0.44999998807907104,0.0038065320241997824,True,6.92592145242088e-05,0.033839590072815895,0.0014712648873683066,0.0038065320241997824,0.057512548788508866,0.023922787814967705,,0.032438574753541616,,,,,,,0.032532889395952225,0.30152103554077436,1.6783810679044109e-06
natural_residual_cycle_qat_warm_w4_c1.0_step1900,natural_residual_cycle_qat_warm,natural_residual_cycle_qat_warm,4,1.0,1900,29.47756004333496,0.8215285539627075,,23.771896362304688,23.48341941833496,0.44999998807907104,0.0038062250354755633,True,7.047779736240045e-05,0.03384480699692858,0.0014736898316186852,0.0038062250354755633,0.05755457208942971,0.0239262627953849,,0.03216230584439472,,,,,,,0.03253323212265968,0.30159036379150256,1.658159590078867e-06
natural_residual_cycle_qat_warm_w4_c1.0_step2000,natural_residual_cycle_qat_warm,natural_residual_cycle_qat_warm,4,1.0,2000,29.4805965423584,0.8214985132217407,,23.755014419555664,23.479005813598633,0.44999998807907104,0.003808949594912292,True,6.988229661146761e-05,0.0338514957168752,0.0014747160792467184,0.003808949594912292,0.057540322824934265,0.02393153720106511,,0.03220354900986422,,,,,,,0.03253321349620819,0.30163544578028234,1.6783810679044109e-06
