method,layer,n,local_owner_gain,absolute_local_quality_dot,negative_owner_dot_fraction,diagnostic_priority
fixed_ptq_w8_c1.0_test,up_blocks.3.resnets.1.conv1.weight,4,2.5773234855991017e-05,2.841794215027984e-08,1.0,601.6682304359616
fixed_ptq_w8_c1.0_test,up_blocks.3.resnets.0.conv1.weight,4,2.2385903286202916e-05,6.866713404684346e-08,1.0,269.4321890101871
fixed_ptq_w8_c1.0_test,up_blocks.2.resnets.1.conv2.weight,4,2.492075123788e-05,7.975354709547264e-08,1.0,264.6304529495038
fixed_ptq_w8_c1.0_test,mid_block.resnets.1.conv2.weight,4,1.4308755315753825e-05,5.285564894041955e-08,0.5,212.69370008691163
fixed_ptq_w8_c1.0_test,up_blocks.3.resnets.0.conv_shortcut.weight,4,1.2511510315989266e-05,7.217944872285098e-08,0.75,144.4783908874351
fixed_ptq_w8_c1.0_test,up_blocks.2.resnets.0.conv2.weight,4,1.239832986452993e-05,8.255120010111265e-08,1.0,127.85797309791064
fixed_ptq_w8_c1.0_test,up_blocks.0.resnets.2.conv2.weight,4,1.1392709581405785e-05,8.387807232413784e-08,0.75,115.90157150176734
fixed_ptq_w8_c1.0_test,conv_in.weight,4,6.129093922408467e-05,6.005269275879346e-07,1.0,99.66893260809769
fixed_ptq_w8_c1.0_test,up_blocks.1.resnets.1.conv1.weight,4,2.3008226463811344e-05,2.1982961012320273e-07,0.75,98.22167353867822
fixed_ptq_w8_c1.0_test,mid_block.resnets.0.conv1.weight,4,2.9238566470567746e-05,3.5415224852184406e-07,0.75,79.32962301222423
fixed_ptq_w8_c1.0_test,up_blocks.0.upsamplers.0.conv.weight,4,3.803515344976212e-05,5.205745863672639e-07,1.0,71.09468370668914
fixed_ptq_w8_c1.0_test,mid_block.attentions.0.to_k.weight,4,1.0326508511551652e-06,1.0610843892735542e-09,0.5,66.71115770316972
fixed_ptq_w8_c1.0_test,up_blocks.0.resnets.1.conv1.weight,4,1.553830871584592e-05,2.43351847459633e-07,0.75,60.27969483385494
fixed_ptq_w8_c1.0_test,up_blocks.1.resnets.0.conv1.weight,4,1.0240066719303066e-05,1.911345035355545e-07,0.75,49.81719614144783
fixed_ptq_w8_c1.0_test,up_blocks.0.resnets.2.conv1.weight,4,1.1873716450236965e-05,3.0683797235842026e-07,0.5,36.960257900211744
fixed_ptq_w8_c1.0_test,up_blocks.1.resnets.2.conv2.weight,4,6.425741995070023e-08,7.752025176342076e-08,0.5,0.6989166700300677
fixed_ptq_w8_c1.0_test,up_blocks.0.resnets.0.conv1.weight,4,-2.0618783559295175e-06,2.579173535199936e-07,0.5,0.0
fixed_ptq_w8_c1.0_test,up_blocks.0.resnets.0.conv2.weight,4,-9.721371153970808e-07,8.91743319592233e-08,0.5,0.0
fixed_ptq_w8_c1.0_test,up_blocks.0.resnets.1.conv2.weight,4,-3.3786163083564916e-06,1.074287845466553e-07,0.5,0.0
fixed_ptq_w8_c1.0_test,up_blocks.1.resnets.0.conv2.weight,4,-1.328578298409762e-05,1.5160480787572338e-07,0.75,0.0
fixed_ptq_w8_c1.0_test,up_blocks.1.resnets.1.conv2.weight,4,-8.403524517422255e-07,1.4384632674525174e-07,0.5,0.0
fixed_ptq_w8_c1.0_test,up_blocks.1.resnets.2.conv1.weight,4,-3.801440145592164e-05,2.402189055580773e-07,0.25,0.0
fixed_ptq_w8_c1.0_test,up_blocks.1.upsamplers.0.conv.weight,4,-7.69930046454134e-05,2.4729911451458375e-07,0.0,0.0
fixed_ptq_w8_c1.0_test,up_blocks.2.resnets.0.conv1.weight,4,-4.268277911774568e-06,1.2234296357588902e-07,0.75,0.0
fixed_ptq_w8_c1.0_test,up_blocks.2.resnets.0.conv_shortcut.weight,4,-3.0400315325826245e-05,1.3796918568498696e-07,0.25,0.0
fixed_ptq_w8_c1.0_test,up_blocks.2.resnets.1.conv1.weight,4,-6.555322658408831e-06,9.13259736769341e-08,0.25,0.0
fixed_ptq_w8_c1.0_test,up_blocks.2.resnets.2.conv1.weight,4,-2.8089978812424136e-06,1.0514222501304544e-07,0.5,0.0
fixed_ptq_w8_c1.0_test,up_blocks.2.resnets.2.conv2.weight,4,-2.3118548717597057e-06,1.5225614973388183e-08,0.25,0.0
fixed_ptq_w8_c1.0_test,up_blocks.2.upsamplers.0.conv.weight,4,-1.555431515613904e-05,1.5672539756318364e-07,0.0,0.0
fixed_ptq_w8_c1.0_test,up_blocks.3.resnets.0.conv2.weight,4,-2.805011410662277e-05,1.902587702794673e-08,0.25,0.0
fixed_ptq_w8_c1.0_test,up_blocks.3.resnets.1.conv2.weight,4,-2.5273713531071773e-05,1.500887138395525e-08,0.0,0.0
fixed_ptq_w8_c1.0_test,up_blocks.3.resnets.2.conv1.weight,4,-3.840819720228054e-05,3.782068062128167e-08,0.25,0.0
fixed_ptq_w8_c1.0_test,up_blocks.3.resnets.2.conv2.weight,4,-6.062071551367385e-06,4.501154270067844e-09,0.5,0.0
fixed_ptq_w8_c1.0_test,mid_block.attentions.0.to_q.weight,4,-3.833615064153187e-06,1.2994985774091895e-09,0.0,0.0
fixed_ptq_w8_c1.0_test,mid_block.attentions.0.to_v.weight,4,-6.384069464448525e-07,3.994313001224341e-08,0.5,0.0
fixed_ptq_w8_c1.0_test,mid_block.attentions.0.to_out.0.weight,4,-1.0226605999098897e-05,3.4741012503107796e-08,0.25,0.0
fixed_ptq_w8_c1.0_test,mid_block.resnets.0.conv2.weight,4,-3.161847026096007e-06,2.1826531853938231e-07,0.5,0.0
fixed_ptq_w8_c1.0_test,mid_block.resnets.1.conv1.weight,4,-2.3368126789796565e-05,1.1015401287366696e-07,0.25,0.0
fixed_ptq_w8_c1.0_test,conv_out.weight,4,-0.0001726691429838647,2.9288312940330397e-07,0.0,0.0
natural_full_finetune_fp32_test,up_blocks.2.resnets.1.conv2.weight,4,0.0001190521005609989,8.494450349778903e-06,1.0,11.99925551206548
natural_full_finetune_fp32_test,up_blocks.3.resnets.0.conv1.weight,4,6.760689042548526e-05,4.942941048538111e-06,1.0,10.613135622694033
natural_full_finetune_fp32_test,up_blocks.2.resnets.2.conv1.weight,4,0.00015058141670545243,1.8359391701301757e-05,1.0,7.610285797822173
natural_full_finetune_fp32_test,up_blocks.2.resnets.0.conv2.weight,4,9.603874666753785e-05,1.5430392019232715e-05,1.0,5.697070916558639
natural_full_finetune_fp32_test,up_blocks.2.resnets.1.conv1.weight,4,0.00010689442512676267,1.777414188070153e-05,1.0,5.56703655937753
natural_full_finetune_fp32_test,up_blocks.2.upsamplers.0.conv.weight,4,0.00022052001898909058,6.031657968201757e-05,1.0,3.5715356997045533
natural_full_finetune_fp32_test,up_blocks.2.resnets.2.conv2.weight,4,9.964036304175039e-05,3.0506687451694673e-05,1.0,3.1202103297277257
natural_full_finetune_fp32_test,up_blocks.2.resnets.0.conv1.weight,4,0.00013227512142979005,4.853340441184213e-05,1.0,2.6475898951005163
natural_full_finetune_fp32_test,up_blocks.2.resnets.0.conv_shortcut.weight,4,0.00032608348428981356,0.0001404531032060535,1.0,2.2983003112854634
natural_full_finetune_fp32_test,up_blocks.3.resnets.0.conv_shortcut.weight,4,0.0001556952233465012,6.929546943730654e-05,1.0,2.201490452226185
natural_full_finetune_fp32_test,up_blocks.3.resnets.1.conv1.weight,4,3.1419509396828984e-05,2.0351185341094843e-05,1.0,1.4426940762031473
natural_full_finetune_fp32_test,up_blocks.3.resnets.2.conv1.weight,4,4.187907882176439e-05,2.982889908865195e-05,0.75,1.339870151737033
natural_full_finetune_fp32_test,up_blocks.1.resnets.2.conv1.weight,4,8.844262808464619e-05,6.600344611725169e-05,1.0,1.3116093028517581
natural_full_finetune_fp32_test,conv_out.weight,4,9.854987290861869e-05,7.750077030357807e-05,1.0,1.2486056023575107
natural_full_finetune_fp32_test,up_blocks.3.resnets.1.conv2.weight,4,4.5116329333167406e-05,3.570933917582995e-05,1.0,1.2148779191140504
natural_full_finetune_fp32_test,up_blocks.3.resnets.0.conv2.weight,4,4.402205494290328e-05,3.655334797980061e-05,1.0,1.1590692581739854
natural_full_finetune_fp32_test,up_blocks.1.resnets.2.conv2.weight,4,8.285326330849304e-05,7.923025200325213e-05,1.0,1.027224247675915
natural_full_finetune_fp32_test,up_blocks.1.resnets.1.conv2.weight,4,6.907358398692107e-05,6.621010565633673e-05,1.0,1.021235401135392
natural_full_finetune_fp32_test,up_blocks.1.upsamplers.0.conv.weight,4,0.00023854825875206095,0.00024022499052607027,1.0,0.9871554829232502
natural_full_finetune_fp32_test,up_blocks.1.resnets.0.conv2.weight,4,5.282602367435388e-05,5.838789905376632e-05,1.0,0.8831557223499427
natural_full_finetune_fp32_test,up_blocks.3.resnets.2.conv2.weight,4,2.5038230274857345e-05,2.8937468812319322e-05,1.0,0.8245850537596905
natural_full_finetune_fp32_test,up_blocks.1.resnets.1.conv1.weight,4,3.429617303007264e-05,4.077087640141914e-05,1.0,0.8127430781686596
natural_full_finetune_fp32_test,mid_block.attentions.0.to_v.weight,4,1.2862054035794324e-05,1.4894312985490827e-05,1.0,0.7880442745571953
natural_full_finetune_fp32_test,mid_block.resnets.0.norm2.bias,4,2.327524898701118e-06,1.9062838462075944e-06,1.0,0.6982314771153993
natural_full_finetune_fp32_test,up_blocks.0.resnets.2.conv1.weight,4,1.4197118210000678e-05,1.9688043519429158e-05,1.0,0.6723643023372502
natural_full_finetune_fp32_test,mid_block.resnets.0.conv2.weight,4,3.958739751306694e-05,5.799010974449997e-05,1.0,0.6662606450817999
natural_full_finetune_fp32_test,up_blocks.0.upsamplers.0.conv.weight,4,0.00010467235023876234,0.0001700413244879896,1.0,0.6104465334540282
natural_full_finetune_fp32_test,up_blocks.2.resnets.0.norm1.weight,4,1.071928673935827e-06,4.765267304601518e-07,1.0,0.5630763787724054
natural_full_finetune_fp32_test,up_blocks.3.resnets.0.norm1.weight,4,1.134870485263075e-06,6.820955146053629e-07,0.75,0.5380396892799026
natural_full_finetune_fp32_test,up_blocks.0.resnets.2.norm2.weight,4,1.135573009656752e-06,7.909733902413621e-07,0.75,0.5119466959366983
natural_full_finetune_fp32_test,mid_block.resnets.0.norm2.weight,4,9.798544316018486e-07,6.759427343004025e-07,0.75,0.46590596418385494
natural_full_finetune_fp32_test,conv_norm_out.weight,4,4.660787948139529e-06,9.649895183640375e-06,1.0,0.42076004491269803
natural_full_finetune_fp32_test,up_blocks.2.resnets.1.norm1.weight,4,5.339972381007202e-07,1.417086708656184e-07,1.0,0.3403679528580111
natural_full_finetune_fp32_test,mid_block.attentions.0.to_q.weight,4,1.3092616686647637e-06,2.4934446361942868e-06,0.75,0.33394265861505734
natural_full_finetune_fp32_test,up_blocks.2.resnets.1.norm1.bias,4,5.067973566369842e-07,1.2303368790812212e-07,1.0,0.3269223212631575
natural_full_finetune_fp32_test,conv_in.weight,4,2.8704730173979458e-05,9.353259136134921e-05,1.0,0.3022830795063309
natural_full_finetune_fp32_test,up_blocks.3.resnets.2.norm1.bias,4,2.571905719770927e-06,7.250027684137016e-06,1.0,0.29639807158290316
natural_full_finetune_fp32_test,conv_in.bias,4,1.3994639596295887e-06,3.423860554120272e-06,0.75,0.28848775798094795
natural_full_finetune_fp32_test,up_blocks.2.resnets.2.norm1.bias,4,4.994809067353566e-07,3.3007774529958256e-07,1.0,0.2842398814172398
natural_full_finetune_fp32_test,mid_block.resnets.1.norm2.bias,4,6.398963539267341e-07,8.352518875330187e-07,0.75,0.28283643580300105
natural_full_finetune_fp32_test,up_blocks.1.resnets.2.norm2.weight,4,4.7314057391951327e-07,2.491190444849324e-07,0.75,0.282254165284467
natural_full_finetune_fp32_test,mid_block.resnets.0.norm1.bias,4,8.33299301416503e-07,1.8160596530445083e-06,0.75,0.25693474473613176
natural_full_finetune_fp32_test,up_blocks.1.resnets.0.conv1.weight,4,1.1711690442157098e-05,4.5391603085278046e-05,1.0,0.2501494331491235
natural_full_finetune_fp32_test,conv_norm_out.bias,4,1.0788898405544048e-06,2.899029460655723e-06,1.0,0.24938492988165958
natural_full_finetune_fp32_test,up_blocks.2.resnets.2.norm2.weight,4,1.0464402030297195e-06,2.7853665545136955e-06,1.0,0.2484107381776732
natural_full_finetune_fp32_test,up_blocks.0.resnets.0.norm2.weight,4,4.6569950507895305e-07,5.498098204461147e-07,1.0,0.235560655840597
natural_full_finetune_fp32_test,up_blocks.2.resnets.0.norm1.bias,4,3.880812704847554e-07,2.7941862237255386e-07,1.0,0.2274012920109171
natural_full_finetune_fp32_test,up_blocks.2.resnets.0.norm2.weight,4,4.0198749343134896e-07,3.441937105719748e-07,0.75,0.22693627506775793
natural_full_finetune_fp32_test,up_blocks.0.resnets.2.norm2.bias,4,4.96572790528788e-07,8.317103931896348e-07,1.0,0.21983103056675868
natural_full_finetune_fp32_test,up_blocks.3.resnets.2.norm2.weight,4,9.663237215707237e-07,2.991147176815974e-06,1.0,0.21870836817403186
natural_full_finetune_fp32_test,up_blocks.2.resnets.0.norm2.bias,4,3.434679034956108e-07,1.6221977876257714e-07,0.75,0.21609999992097365
natural_full_finetune_fp32_test,up_blocks.2.resnets.2.norm1.weight,4,3.751102345925046e-07,3.357712353147175e-07,1.0,0.21277480300161322
natural_full_finetune_fp32_test,up_blocks.0.resnets.0.norm1.weight,4,3.489684683428991e-07,3.605988856244812e-07,1.0,0.19519736216073472
natural_full_finetune_fp32_test,up_blocks.2.resnets.1.conv1.bias,4,2.8530684436031674e-07,3.479113090515947e-08,1.0,0.1951530316173069
natural_full_finetune_fp32_test,up_blocks.3.resnets.0.norm2.weight,4,9.744363660362716e-07,3.6995560103709373e-06,1.0,0.19006978033879715
natural_full_finetune_fp32_test,up_blocks.3.resnets.1.norm2.weight,4,5.685814986016526e-07,1.579293320397853e-06,1.0,0.18911949424191082
natural_full_finetune_fp32_test,up_blocks.3.resnets.2.conv1.bias,4,4.778188085742546e-07,1.1995925082239486e-06,1.0,0.18190382909718653
natural_full_finetune_fp32_test,up_blocks.0.resnets.0.norm1.bias,4,3.255247342374743e-07,4.237456201604367e-07,1.0,0.17587193173633772
natural_full_finetune_fp32_test,up_blocks.2.resnets.1.norm2.bias,4,2.7264838355657175e-07,1.2484590522113008e-07,1.0,0.1756732999387789
natural_full_finetune_fp32_test,up_blocks.3.resnets.2.norm1.weight,4,7.141916695664643e-07,2.6670183203408567e-06,0.75,0.17444020405629368
natural_full_finetune_fp32_test,up_blocks.1.resnets.2.conv1.bias,4,2.5058834549656867e-07,5.0300892135532776e-08,1.0,0.16960587216236592
natural_full_finetune_fp32_test,up_blocks.3.resnets.2.norm2.bias,4,5.69736209597929e-07,2.2103693191832562e-06,1.0,0.15662666427960092
natural_full_finetune_fp32_test,mid_block.resnets.0.conv2.bias,4,2.9766460580824546e-07,4.90264052265824e-07,1.0,0.15524082852376653
natural_full_finetune_fp32_test,mid_block.resnets.1.norm2.weight,4,3.4958020231357914e-07,8.631478556182076e-07,0.75,0.1526336861410912
natural_full_finetune_fp32_test,up_blocks.1.resnets.0.norm2.weight,4,2.2441289835549066e-07,8.183403180793062e-08,0.75,0.14871555148586424
natural_full_finetune_fp32_test,up_blocks.1.resnets.2.norm2.bias,4,2.147466139232338e-07,1.7528030649000045e-07,0.5,0.1340111041462477
natural_full_finetune_fp32_test,up_blocks.0.resnets.1.conv2.weight,4,6.107798895771253e-06,4.4684723648458696e-05,0.75,0.1324560311680643
natural_full_finetune_fp32_test,up_blocks.2.resnets.2.norm2.bias,4,2.0133222424292493e-07,1.9644421338893512e-07,0.5,0.12400222869909895
natural_full_finetune_fp32_test,up_blocks.1.resnets.2.norm1.bias,4,1.9419904015077527e-07,1.5604070984427166e-07,1.0,0.12266124812150418
natural_full_finetune_fp32_test,up_blocks.3.resnets.0.norm1.bias,4,2.333538438065663e-07,4.893493198374559e-07,0.75,0.12175896489764892
natural_full_finetune_fp32_test,up_blocks.3.resnets.1.conv1.bias,4,1.8945109357921327e-07,1.8292979837253374e-07,0.75,0.11766393188250476
natural_full_finetune_fp32_test,up_blocks.0.resnets.1.conv1.weight,4,3.026051238486583e-06,2.5732795248517036e-05,0.5,0.11141585832498553
natural_full_finetune_fp32_test,up_blocks.3.resnets.1.norm1.bias,4,1.9776371664222112e-07,5.107063587083854e-07,0.75,0.10205158393053369
natural_full_finetune_fp32_test,mid_block.attentions.0.to_out.0.bias,4,1.6621060707847496e-07,2.6331182481970914e-07,0.75,0.0983212319691897
natural_full_finetune_fp32_test,up_blocks.0.resnets.1.norm2.weight,4,1.96703185060015e-07,5.772083542637226e-07,0.75,0.09813657878560568
natural_full_finetune_fp32_test,mid_block.resnets.0.norm1.weight,4,2.3621619839660984e-07,9.859732504005455e-07,0.75,0.09788720519103672
natural_full_finetune_fp32_test,up_blocks.1.resnets.1.conv1.bias,4,1.4310147139028734e-07,6.516977636953444e-08,1.0,0.09589044727224598
natural_full_finetune_fp32_test,up_blocks.2.resnets.0.conv1.bias,4,1.3699376639107518e-07,3.3785534109852146e-08,0.75,0.0937697472789631
natural_full_finetune_fp32_test,mid_block.attentions.0.to_out.0.weight,4,3.6751235099491947e-06,3.8676192307062324e-05,0.75,0.09164127322407198
natural_full_finetune_fp32_test,mid_block.resnets.1.conv2.bias,4,1.5421289756720754e-07,3.0191713209047267e-07,1.0,0.08918728033595452
natural_full_finetune_fp32_test,up_blocks.1.resnets.1.norm1.bias,4,1.2014227074340891e-07,3.172021459770999e-07,0.75,0.06887407875440384
natural_full_finetune_fp32_test,up_blocks.1.resnets.1.norm2.bias,4,1.0617385184179105e-07,1.8210007050301238e-07,0.75,0.06597625716249185
natural_full_finetune_fp32_test,up_blocks.0.resnets.1.norm2.bias,4,1.4084642725437538e-07,7.608285009021218e-07,0.5,0.06437216346520078
natural_full_finetune_fp32_test,up_blocks.1.resnets.1.conv2.bias,4,9.191881573206306e-08,2.2441419559491794e-08,1.0,0.06340912319082662
natural_full_finetune_fp32_test,up_blocks.0.resnets.1.conv2.bias,4,9.897948328247879e-08,1.3738656899160618e-07,0.75,0.06326345695289134
natural_full_finetune_fp32_test,up_blocks.1.resnets.0.norm2.bias,4,9.999584285674624e-08,2.1605126136151072e-07,0.25,0.060853414992125744
natural_full_finetune_fp32_test,up_blocks.1.resnets.0.conv2.bias,4,8.7866526617755e-08,3.864796337671193e-08,1.0,0.0599435363395295
natural_full_finetune_fp32_test,up_blocks.2.resnets.1.norm2.weight,4,9.188817492008463e-08,2.8315288321862563e-07,1.0,0.053725518020304494
natural_full_finetune_fp32_test,up_blocks.0.resnets.0.norm2.bias,4,1.1058199739918576e-07,6.745381368236876e-07,0.5,0.05261520731314947
natural_full_finetune_fp32_test,up_blocks.2.resnets.0.conv_shortcut.bias,4,7.183315326703737e-08,3.20889359097904e-08,1.0,0.049225655260035465
natural_full_finetune_fp32_test,up_blocks.2.resnets.0.conv2.bias,4,7.183262764784534e-08,3.208931715245733e-08,1.0,0.04922528220449127
natural_full_finetune_fp32_test,up_blocks.1.resnets.2.conv2.bias,4,6.758605549331554e-08,2.6058455282747403e-08,1.0,0.04650740839194925
natural_full_finetune_fp32_test,up_blocks.1.resnets.0.conv1.bias,4,6.309366226685176e-08,1.1618261465250648e-08,1.0,0.043851835056003374
natural_full_finetune_fp32_test,up_blocks.0.resnets.2.conv1.bias,4,6.559264192437393e-08,1.436898105219653e-07,0.75,0.041755790193744195
natural_full_finetune_fp32_test,up_blocks.3.resnets.1.norm1.weight,4,7.510102147696412e-08,5.593855112327613e-07,0.75,0.03780457476428706
natural_full_finetune_fp32_test,up_blocks.3.resnets.1.norm2.bias,4,6.563224874212933e-08,3.85757046711623e-07,0.5,0.03620229476923943
natural_full_finetune_fp32_test,up_blocks.0.resnets.0.conv1.bias,4,5.299939785316753e-08,5.847786371862949e-08,1.0,0.035674180694648436
natural_full_finetune_fp32_test,mid_block.attentions.0.to_q.bias,4,5.0968441387057034e-08,1.7172985716485313e-07,0.5,0.03187712302097173
natural_full_finetune_fp32_test,up_blocks.1.resnets.1.norm2.weight,4,3.914665272315557e-08,1.2715294274519135e-07,0.5,0.025185604370136744
natural_full_finetune_fp32_test,up_blocks.3.resnets.0.conv_shortcut.bias,4,3.33627122230097e-08,1.4484308591036919e-08,1.0,0.023141906700841878
natural_full_finetune_fp32_test,up_blocks.3.resnets.0.conv2.bias,4,3.336238062166598e-08,1.4484488978813346e-08,1.0,0.023141673791340425
natural_full_finetune_fp32_test,up_blocks.0.resnets.0.conv2.bias,4,3.578848005837549e-08,1.2816352407937623e-07,0.5,0.02301011150127455
natural_full_finetune_fp32_test,up_blocks.0.upsamplers.0.conv.bias,4,2.8739538806395234e-08,3.454955340747117e-08,0.75,0.019661410741479025
natural_full_finetune_fp32_test,up_blocks.2.resnets.1.conv2.bias,4,2.7283631175033422e-08,5.177547139318376e-08,0.75,0.018447985921085805
natural_full_finetune_fp32_test,up_blocks.3.resnets.1.conv2.bias,4,2.5158525891858925e-08,2.5515218372125086e-08,1.0,0.017318592954535483
natural_full_finetune_fp32_test,up_blocks.2.resnets.2.conv1.bias,4,2.3791714478382888e-08,1.42645410795619e-07,0.25,0.015155705659415913
natural_full_finetune_fp32_test,up_blocks.1.upsamplers.0.conv.bias,4,1.5611344029361028e-08,1.4790448113185784e-08,0.75,0.010826444894244166
natural_full_finetune_fp32_test,up_blocks.3.resnets.2.conv2.bias,4,1.3844097952493105e-08,6.041473822489801e-08,1.0,0.009306404086991609
natural_full_finetune_fp32_test,up_blocks.2.upsamplers.0.conv.bias,4,8.9375058977292e-09,1.075652876969146e-08,1.0,0.006215535705072074
natural_full_finetune_fp32_test,up_blocks.0.resnets.2.conv2.weight,4,2.789027260316145e-07,4.758447633463566e-05,0.75,0.005690539423773275
natural_full_finetune_fp32_test,mid_block.attentions.0.group_norm.bias,4,9.882027066410908e-09,5.986175670904087e-07,0.5,0.004878107552132811
natural_full_finetune_fp32_test,mid_block.resnets.1.conv1.bias,4,5.411924795137264e-09,1.5072690441821626e-08,0.5,0.0037524276727334857
natural_full_finetune_fp32_test,up_blocks.0.resnets.1.conv1.bias,4,5.061997201990529e-09,3.7994478390057835e-08,0.75,0.00345489187558158
natural_full_finetune_fp32_test,up_blocks.0.resnets.0.conv1.weight,4,-8.755364226592026e-07,1.8503193923390823e-05,0.5,0.0
natural_full_finetune_fp32_test,up_blocks.0.resnets.0.conv2.weight,4,-2.1504721770999767e-06,3.6993018637150806e-05,0.75,0.0
natural_full_finetune_fp32_test,up_blocks.0.resnets.1.norm1.weight,4,-5.787154244641264e-07,4.764533325192888e-07,0.0,0.0
natural_full_finetune_fp32_test,up_blocks.0.resnets.1.norm1.bias,4,-1.1433587342248208e-07,1.08068132011641e-07,0.25,0.0
natural_full_finetune_fp32_test,up_blocks.0.resnets.2.norm1.weight,4,-1.063197011619672e-07,5.491123587062565e-07,0.25,0.0
natural_full_finetune_fp32_test,up_blocks.0.resnets.2.norm1.bias,4,-1.5391787719354324e-07,1.2681503748071806e-06,0.5,0.0
natural_full_finetune_fp32_test,up_blocks.0.resnets.2.conv2.bias,4,-2.5823303560915646e-08,1.2441020407919447e-07,0.75,0.0
natural_full_finetune_fp32_test,up_blocks.1.resnets.0.norm1.weight,4,-8.355743618690992e-08,3.2129639381090264e-07,0.25,0.0
natural_full_finetune_fp32_test,up_blocks.1.resnets.0.norm1.bias,4,-2.9150831775379355e-07,3.3176699400300587e-07,0.0,0.0
natural_full_finetune_fp32_test,up_blocks.1.resnets.1.norm1.weight,4,-3.698551347017857e-07,4.4763426067154507e-07,0.0,0.0
natural_full_finetune_fp32_test,up_blocks.1.resnets.2.norm1.weight,4,-2.5514498078720527e-07,1.6726424761003364e-07,0.25,0.0
natural_full_finetune_fp32_test,up_blocks.2.resnets.2.conv2.bias,4,-2.7561657499713713e-08,7.601704307608993e-08,0.25,0.0
natural_full_finetune_fp32_test,up_blocks.3.resnets.0.conv1.bias,4,-4.217983869616299e-08,1.2131018276470033e-07,0.25,0.0
natural_full_finetune_fp32_test,up_blocks.3.resnets.0.norm2.bias,4,-9.023978542740326e-09,4.144648457087796e-07,0.25,0.0
natural_full_finetune_fp32_test,mid_block.attentions.0.group_norm.weight,4,-1.0888690304883543e-06,1.190306243370319e-06,0.0,0.0
natural_full_finetune_fp32_test,mid_block.attentions.0.to_k.weight,4,-2.5056935373736976e-08,2.871415250199993e-06,0.25,0.0
natural_full_finetune_fp32_test,mid_block.attentions.0.to_k.bias,4,-1.242212313326346e-16,2.4284625398621303e-17,0.25,0.0
natural_full_finetune_fp32_test,mid_block.attentions.0.to_v.bias,4,-1.0760564454434814e-08,1.2122585258125947e-07,0.25,0.0
natural_full_finetune_fp32_test,mid_block.resnets.0.conv1.weight,4,-3.956493358262403e-06,2.6140735885937422e-05,0.5,0.0
natural_full_finetune_fp32_test,mid_block.resnets.0.conv1.bias,4,-6.779897765863695e-09,2.0937398278489337e-08,0.25,0.0
natural_full_finetune_fp32_test,mid_block.resnets.1.norm1.weight,4,-3.385411522190653e-07,2.9992044760435614e-07,0.5,0.0
natural_full_finetune_fp32_test,mid_block.resnets.1.norm1.bias,4,-1.289624974753931e-07,2.0628156408137056e-07,0.5,0.0
natural_full_finetune_fp32_test,mid_block.resnets.1.conv1.weight,4,-6.661768030062256e-06,2.3896789023966826e-05,0.25,0.0
natural_full_finetune_fp32_test,mid_block.resnets.1.conv2.weight,4,-2.386605654094298e-06,3.4391992550015454e-05,0.5,0.0
natural_full_finetune_fp32_test,conv_out.bias,4,-6.604845353933424e-08,3.350349646941466e-06,0.5,0.0
natural_residual_qat_w4_c1.0_test,up_blocks.3.resnets.0.conv1.weight,4,0.0006649889115659988,1.744825441331096e-05,1.0,31.177108195865564
natural_residual_qat_w4_c1.0_test,up_blocks.3.resnets.2.conv1.weight,4,0.0003982029387996508,9.435161804114813e-06,1.0,29.903412636503376
natural_residual_qat_w4_c1.0_test,up_blocks.3.resnets.1.conv2.weight,4,0.0003957943890254896,9.48890661004385e-06,1.0,29.603061988122946
natural_residual_qat_w4_c1.0_test,up_blocks.3.resnets.1.conv1.weight,4,0.00038769026270691183,1.0260264401576557e-05,1.0,27.415254274574718
natural_residual_qat_w4_c1.0_test,up_blocks.3.resnets.0.conv2.weight,4,0.00039279796054438564,1.1748035199012004e-05,1.0,25.132349963264748
natural_residual_qat_w4_c1.0_test,up_blocks.2.resnets.2.conv1.weight,4,0.0010663799824343117,4.554361834886486e-05,1.0,21.575824884460385
natural_residual_qat_w4_c1.0_test,up_blocks.2.upsamplers.0.conv.weight,4,0.0009858893639624379,4.337573056764037e-05,1.0,20.862348743695932
natural_residual_qat_w4_c1.0_test,up_blocks.2.resnets.1.conv2.weight,4,0.0010490211496798781,5.4585193146501166e-05,1.0,17.9423105662414
natural_residual_qat_w4_c1.0_test,up_blocks.3.resnets.0.conv_shortcut.weight,4,0.0005534832728897874,2.8636539748115704e-05,1.0,17.02099401536267
natural_residual_qat_w4_c1.0_test,up_blocks.3.resnets.2.conv2.weight,4,0.00019323150994227778,7.885619035874913e-06,1.0,16.42180912138625
natural_residual_qat_w4_c1.0_test,up_blocks.2.resnets.2.conv2.weight,4,0.0007167795464027316,3.9874949864919546e-05,1.0,16.381251378590676
natural_residual_qat_w4_c1.0_test,up_blocks.2.resnets.1.conv1.weight,4,0.0009833430211094684,5.828230810886092e-05,1.0,15.818668580688934
natural_residual_qat_w4_c1.0_test,up_blocks.2.resnets.0.conv2.weight,4,0.0009457837289958917,5.886667047404383e-05,1.0,15.07277602171516
natural_residual_qat_w4_c1.0_test,conv_out.weight,4,0.00027582753476842033,1.4497489410504177e-05,1.0,15.008055981431685
natural_residual_qat_w4_c1.0_test,up_blocks.2.resnets.0.conv1.weight,4,0.0010726029251793769,7.604666496916817e-05,1.0,13.4196465630373
natural_residual_qat_w4_c1.0_test,up_blocks.2.resnets.0.conv_shortcut.weight,4,0.0006268310488898386,4.987370261393292e-05,1.0,11.660921893922806
natural_residual_qat_w4_c1.0_test,up_blocks.1.upsamplers.0.conv.weight,4,0.0009335123416904602,0.00010235764842224223,1.0,8.78692551604257
natural_residual_qat_w4_c1.0_test,up_blocks.1.resnets.2.conv1.weight,4,0.0007170852373619106,9.039812225816907e-05,1.0,7.605969776247375
natural_residual_qat_w4_c1.0_test,up_blocks.1.resnets.2.conv2.weight,4,0.0006570968827187045,8.478315044649596e-05,1.0,7.411065512103197
natural_residual_qat_w4_c1.0_test,up_blocks.1.resnets.0.conv2.weight,4,0.000477050832906619,7.019822537889194e-05,1.0,6.439726030892785
natural_residual_qat_w4_c1.0_test,up_blocks.1.resnets.1.conv2.weight,4,0.00048730824624054737,8.879326955574075e-05,1.0,5.258282583766466
natural_residual_qat_w4_c1.0_test,up_blocks.1.resnets.1.conv1.weight,4,0.0002889933199931071,7.456116535303742e-05,1.0,3.6841511723241105
natural_residual_qat_w4_c1.0_test,mid_block.resnets.0.conv1.weight,4,0.0001035334560235003,2.8517969186773176e-05,1.0,3.195564662670203
natural_residual_qat_w4_c1.0_test,up_blocks.0.resnets.0.conv1.weight,4,7.449431079813821e-05,1.94365397920877e-05,1.0,3.1947562476214033
natural_residual_qat_w4_c1.0_test,up_blocks.0.upsamplers.0.conv.weight,4,0.00024041054059865307,8.105571585291535e-05,1.0,2.8304618937098973
natural_residual_qat_w4_c1.0_test,up_blocks.0.resnets.2.conv2.weight,4,8.210270855079834e-05,2.6043514393919452e-05,1.0,2.743647460089682
natural_residual_qat_w4_c1.0_test,up_blocks.0.resnets.1.conv2.weight,4,6.93122989096328e-05,2.5452825017694494e-05,1.0,2.362868205681579
natural_residual_qat_w4_c1.0_test,up_blocks.0.resnets.2.conv1.weight,4,0.00011763508790170768,5.0210526251349696e-05,1.0,2.1747357934959295
natural_residual_qat_w4_c1.0_test,up_blocks.1.resnets.0.conv1.weight,4,0.0001612247281763386,7.21580603738216e-05,1.0,2.1202843051773703
natural_residual_qat_w4_c1.0_test,mid_block.resnets.0.conv2.weight,4,6.811885064992603e-05,3.238190109010687e-05,1.0,1.8784647986531642
natural_residual_qat_w4_c1.0_test,up_blocks.0.resnets.1.conv1.weight,4,2.2769172448746633e-05,2.3436303655797058e-05,0.75,0.833502971662136
natural_residual_qat_w4_c1.0_test,mid_block.attentions.0.to_v.weight,4,7.745090833899043e-06,7.389355927392409e-06,0.75,0.6872003901615221
natural_residual_qat_w4_c1.0_test,mid_block.attentions.0.to_q.weight,4,1.9103340741781428e-06,1.924443176261734e-06,0.75,0.3290510588101135
natural_residual_qat_w4_c1.0_test,conv_in.weight,4,-6.583506866342955e-05,3.532148779271125e-05,0.25,0.0
natural_residual_qat_w4_c1.0_test,up_blocks.0.resnets.0.conv2.weight,4,-1.0054845860645889e-05,1.8325765649622924e-05,0.25,0.0
natural_residual_qat_w4_c1.0_test,mid_block.attentions.0.to_k.weight,4,-3.499651754484312e-06,1.457931605761568e-06,0.25,0.0
natural_residual_qat_w4_c1.0_test,mid_block.attentions.0.to_out.0.weight,4,-6.92287395533459e-06,1.4334769810034074e-06,0.5,0.0
natural_residual_qat_w4_c1.0_test,mid_block.resnets.1.conv1.weight,4,-4.247925873117591e-05,2.3224314698805057e-05,0.25,0.0
natural_residual_qat_w4_c1.0_test,mid_block.resnets.1.conv2.weight,4,-3.9763155858225006e-05,1.893470647774509e-05,0.25,0.0
natural_residual_qat_w8_c1.0_test,up_blocks.3.resnets.2.conv2.weight,4,0.00030601619641403065,1.9466804756180443e-06,1.0,109.81434407994365
natural_residual_qat_w8_c1.0_test,up_blocks.3.resnets.0.conv2.weight,4,0.0005083467040532477,4.315368731398849e-06,1.0,98.6055296569382
natural_residual_qat_w8_c1.0_test,up_blocks.3.resnets.1.conv2.weight,4,0.000536751098822687,4.6793052596821715e-06,1.0,97.24996496858574
natural_residual_qat_w8_c1.0_test,up_blocks.3.resnets.0.conv_shortcut.weight,4,0.0006392396776124133,6.446857615431622e-06,1.0,87.72515446347485
natural_residual_qat_w8_c1.0_test,up_blocks.3.resnets.2.conv1.weight,4,0.0005075840245923447,5.759027074856084e-06,1.0,76.91814625459949
natural_residual_qat_w8_c1.0_test,up_blocks.3.resnets.0.conv1.weight,4,0.0005757090597298239,6.678355141683399e-06,1.0,76.57392473747798
natural_residual_qat_w8_c1.0_test,up_blocks.2.upsamplers.0.conv.weight,4,0.0009311478104763345,1.2048901846524174e-05,1.0,72.24422000073146
natural_residual_qat_w8_c1.0_test,up_blocks.2.resnets.2.conv2.weight,4,0.0006375846855443279,8.208260089362424e-06,1.0,70.46498535664206
natural_residual_qat_w8_c1.0_test,conv_out.weight,4,0.00021359012042074872,2.316848867005143e-06,1.0,67.6595318823493
natural_residual_qat_w8_c1.0_test,up_blocks.2.resnets.1.conv2.weight,4,0.000790825858718029,1.275454170157424e-05,1.0,58.17235774382879
natural_residual_qat_w8_c1.0_test,up_blocks.2.resnets.2.conv1.weight,4,0.0006014105703352925,1.097270675392099e-05,1.0,50.91222375562769
natural_residual_qat_w8_c1.0_test,up_blocks.3.resnets.1.conv1.weight,4,0.00022974177601522026,4.011413532351831e-06,1.0,47.3557514143878
natural_residual_qat_w8_c1.0_test,up_blocks.2.resnets.1.conv1.weight,4,0.0005322253353185551,1.0541854328301709e-05,1.0,46.76091172832373
natural_residual_qat_w8_c1.0_test,up_blocks.2.resnets.0.conv2.weight,4,0.0005969558181789758,1.2631738520540273e-05,1.0,44.31175224203933
natural_residual_qat_w8_c1.0_test,up_blocks.2.resnets.0.conv_shortcut.weight,4,0.0004757755336800513,1.0069260952869649e-05,1.0,43.61212449823927
natural_residual_qat_w8_c1.0_test,up_blocks.1.resnets.1.conv1.weight,4,0.0004943441072990928,1.1818852901677245e-05,1.0,39.0512924553329
natural_residual_qat_w8_c1.0_test,up_blocks.2.resnets.0.conv1.weight,4,0.0005989403231489954,1.4731968178087838e-05,1.0,38.46275364085668
natural_residual_qat_w8_c1.0_test,up_blocks.1.upsamplers.0.conv.weight,4,0.0005850974820916718,1.641716200217624e-05,1.0,33.904640923635476
natural_residual_qat_w8_c1.0_test,up_blocks.1.resnets.2.conv2.weight,4,0.00033389257636314294,9.221470904745125e-06,1.0,33.18530362140306
natural_residual_qat_w8_c1.0_test,up_blocks.1.resnets.2.conv1.weight,4,0.0005450095141238001,1.6401902278480362e-05,1.0,31.609614604518526
natural_residual_qat_w8_c1.0_test,up_blocks.1.resnets.0.conv2.weight,4,0.0003613535456437229,1.0621693174005307e-05,1.0,31.527097361149085
natural_residual_qat_w8_c1.0_test,up_blocks.0.resnets.1.conv1.weight,4,0.0003239746758494485,9.832924136936e-06,1.0,30.354852042029215
natural_residual_qat_w8_c1.0_test,up_blocks.0.resnets.0.conv1.weight,4,0.0002950443762171526,8.955561968219563e-06,1.0,30.120245433272395
natural_residual_qat_w8_c1.0_test,up_blocks.1.resnets.1.conv2.weight,4,0.0002803114494514132,8.707837878288102e-06,1.0,29.358667217199702
natural_residual_qat_w8_c1.0_test,up_blocks.1.resnets.0.conv1.weight,4,0.0003222694234602755,1.0503943938279626e-05,1.0,28.408969534730996
natural_residual_qat_w8_c1.0_test,up_blocks.0.resnets.2.conv2.weight,4,0.00020152555548885354,6.393547356067894e-06,1.0,27.859896865804924
natural_residual_qat_w8_c1.0_test,up_blocks.0.resnets.1.conv2.weight,4,0.0001443800376280627,5.111683051021769e-06,1.0,24.25873855192208
natural_residual_qat_w8_c1.0_test,mid_block.resnets.1.conv2.weight,4,0.00014474236759364685,5.145476472551271e-06,1.0,24.182310766516483
natural_residual_qat_w8_c1.0_test,up_blocks.0.upsamplers.0.conv.weight,4,0.0004506785937971838,1.7871038009330498e-05,1.0,24.086257373506246
natural_residual_qat_w8_c1.0_test,up_blocks.0.resnets.2.conv1.weight,4,0.0002734107100275989,1.167313638387525e-05,1.0,21.849915060949535
natural_residual_qat_w8_c1.0_test,up_blocks.0.resnets.0.conv2.weight,4,9.988322933564798e-05,4.562882807821305e-06,1.0,18.487065225036943
natural_residual_qat_w8_c1.0_test,mid_block.resnets.1.conv1.weight,4,9.728925836762868e-05,4.587977670596777e-06,1.0,17.923704771558384
natural_residual_qat_w8_c1.0_test,mid_block.resnets.0.conv2.weight,4,0.00019364763916724292,1.0274406491336612e-05,1.0,17.42313854858772
natural_residual_qat_w8_c1.0_test,mid_block.attentions.0.to_v.weight,4,3.7563179242484034e-05,1.819328834830322e-06,0.75,14.12512245934204
natural_residual_qat_w8_c1.0_test,conv_in.weight,4,8.435055648416302e-05,6.080881783261847e-06,0.75,12.187854458321436
natural_residual_qat_w8_c1.0_test,mid_block.resnets.0.conv1.weight,4,0.0002707408656966628,2.1835927146726953e-05,1.0,11.939578233641317
natural_residual_qat_w8_c1.0_test,mid_block.attentions.0.to_out.0.weight,4,1.8733570877481228e-05,1.4491469351838211e-06,0.75,8.183689253994926
natural_residual_qat_w8_c1.0_test,mid_block.attentions.0.to_k.weight,4,3.4861457939991003e-06,9.53544360781651e-08,0.5,3.7271322146868378
natural_residual_qat_w8_c1.0_test,mid_block.attentions.0.to_q.weight,4,1.0296236680637904e-06,1.001852713940197e-07,0.5,1.0951421872256517
natural_residual_w4_c1.0_test,up_blocks.3.resnets.0.conv1.weight,4,0.0005250390549320183,2.0795735806923305e-05,1.0,21.181617262968533
natural_residual_w4_c1.0_test,up_blocks.3.resnets.2.conv1.weight,4,0.00026069283567741933,9.094901246038527e-06,1.0,19.92051397787309
natural_residual_w4_c1.0_test,up_blocks.3.resnets.1.conv2.weight,4,0.00027911587932257404,1.0639827797186934e-05,1.0,19.07626554621497
natural_residual_w4_c1.0_test,up_blocks.3.resnets.1.conv1.weight,4,0.00023475687102949696,8.56427502695049e-06,1.0,18.696749563549684
natural_residual_w4_c1.0_test,up_blocks.3.resnets.0.conv2.weight,4,0.0002740062250636297,1.2221365801244132e-05,1.0,16.900280879590476
natural_residual_w4_c1.0_test,up_blocks.2.resnets.2.conv1.weight,4,0.000787646678728159,4.9249097778313186e-05,1.0,14.794029382748452
natural_residual_w4_c1.0_test,up_blocks.2.resnets.1.conv2.weight,4,0.0007317753281659583,5.2636761307530515e-05,1.0,12.922383098134306
natural_residual_w4_c1.0_test,up_blocks.2.upsamplers.0.conv.weight,4,0.0006242964545103441,4.864654125256008e-05,1.0,11.860119881694315
natural_residual_w4_c1.0_test,conv_out.weight,4,0.00022784195473384006,1.558665501065678e-05,1.0,11.637410959066813
natural_residual_w4_c1.0_test,up_blocks.2.resnets.2.conv2.weight,4,0.00046731574509176383,3.914970104569458e-05,1.0,10.832174735298544
natural_residual_w4_c1.0_test,up_blocks.2.resnets.0.conv2.weight,4,0.0006846956681768791,5.931086648841297e-05,1.0,10.816229993984969
natural_residual_w4_c1.0_test,up_blocks.2.resnets.1.conv1.weight,4,0.0006678840775624433,6.122237555294291e-05,1.0,10.241401895089
natural_residual_w4_c1.0_test,up_blocks.3.resnets.2.conv2.weight,4,0.0001120768901860986,7.815335584845513e-06,1.0,9.492340973326977
natural_residual_w4_c1.0_test,up_blocks.3.resnets.0.conv_shortcut.weight,4,0.0003473393179838265,3.471529173517242e-05,1.0,8.973543183157313
natural_residual_w4_c1.0_test,up_blocks.2.resnets.0.conv_shortcut.weight,4,0.0004508102275871058,5.0715234425553966e-05,1.0,8.240450930552536
natural_residual_w4_c1.0_test,up_blocks.2.resnets.0.conv1.weight,4,0.0007723938527721252,9.200038018058887e-05,1.0,8.046428854229546
natural_residual_w4_c1.0_test,up_blocks.1.upsamplers.0.conv.weight,4,0.000657050090138193,0.00011360945453050169,1.0,5.587103364319451
natural_residual_w4_c1.0_test,up_blocks.1.resnets.2.conv1.weight,4,0.0005052408361175595,8.746410326672545e-05,1.0,5.524423133842542
natural_residual_w4_c1.0_test,up_blocks.1.resnets.2.conv2.weight,4,0.00047968552877571883,9.389478858748025e-05,1.0,4.900423813246664
natural_residual_w4_c1.0_test,up_blocks.1.resnets.0.conv2.weight,4,0.00035209610874186787,7.758394959183648e-05,1.0,4.316188606475905
natural_residual_w4_c1.0_test,up_blocks.1.resnets.1.conv2.weight,4,0.0003699522603090024,8.797502057587783e-05,0.75,4.022673131163
natural_residual_w4_c1.0_test,up_blocks.1.resnets.1.conv1.weight,4,0.0002117845328902355,7.194064479611021e-05,1.0,2.7891195995292897
natural_residual_w4_c1.0_test,up_blocks.0.upsamplers.0.conv.weight,4,0.00022123702499448692,8.065715699392351e-05,1.0,2.61358392768732
natural_residual_w4_c1.0_test,up_blocks.0.resnets.0.conv1.weight,4,4.059444089022258e-05,1.8516716460492696e-05,1.0,1.803518665206854
natural_residual_w4_c1.0_test,up_blocks.1.resnets.0.conv1.weight,4,0.00012595091854568908,7.000181714027802e-05,1.0,1.7021873926938136
natural_residual_w4_c1.0_test,up_blocks.0.resnets.2.conv1.weight,4,6.628380441501076e-05,4.666900211885795e-05,1.0,1.3083856940918535
natural_residual_w4_c1.0_test,up_blocks.0.resnets.2.conv2.weight,4,1.9296293861644233e-05,2.1548085323499155e-05,0.75,0.7555371045803193
natural_residual_w4_c1.0_test,mid_block.resnets.0.conv2.weight,4,1.8812979118280257e-05,2.938357351494808e-05,0.75,0.563679289578456
natural_residual_w4_c1.0_test,mid_block.resnets.0.conv1.weight,4,1.4923682588652999e-05,2.7850862902196063e-05,0.75,0.4686701510260475
natural_residual_w4_c1.0_test,up_blocks.0.resnets.0.conv2.weight,4,4.523844786008481e-06,1.8596599876972873e-05,0.5,0.20027335523335746
natural_residual_w4_c1.0_test,mid_block.attentions.0.to_q.weight,4,1.52979963396165e-07,1.9682348676207888e-06,0.5,0.025667840673343
natural_residual_w4_c1.0_test,conv_in.weight,4,-1.6531493346352612e-05,3.9161431198361264e-05,0.5,0.0
natural_residual_w4_c1.0_test,up_blocks.0.resnets.1.conv1.weight,4,-1.2956495524151155e-06,2.1154465839666444e-05,0.75,0.0
natural_residual_w4_c1.0_test,up_blocks.0.resnets.1.conv2.weight,4,-3.94411573442877e-06,2.3746256991291914e-05,0.75,0.0
natural_residual_w4_c1.0_test,mid_block.attentions.0.to_k.weight,4,-3.593165063339769e-06,2.2872671798824946e-06,0.25,0.0
natural_residual_w4_c1.0_test,mid_block.attentions.0.to_v.weight,4,-1.1497072772317804e-06,6.6479289681831755e-06,0.5,0.0
natural_residual_w4_c1.0_test,mid_block.attentions.0.to_out.0.weight,4,-5.67924698046377e-06,4.260554094522917e-06,0.25,0.0
natural_residual_w4_c1.0_test,mid_block.resnets.1.conv1.weight,4,-3.098516049308975e-05,2.002230909229179e-05,0.0,0.0
natural_residual_w4_c1.0_test,mid_block.resnets.1.conv2.weight,4,-4.379152779761111e-05,1.947825517962799e-05,0.25,0.0
reconstruction_w8_c1.0_test,up_blocks.2.resnets.1.conv2.weight,4,4.0984862067498826e-05,9.466820909158341e-08,1.0,376.3487177997283
reconstruction_w8_c1.0_test,up_blocks.2.resnets.0.conv_shortcut.weight,4,5.2169932190853875e-05,1.2688803579798568e-07,1.0,369.68195986962365
reconstruction_w8_c1.0_test,up_blocks.3.resnets.0.conv1.weight,4,5.2468408490316144e-05,1.5143660391791674e-07,1.0,316.70493927539496
reconstruction_w8_c1.0_test,up_blocks.2.resnets.2.conv2.weight,4,1.4284999850765102e-05,3.785160856415467e-08,1.0,274.2648389415002
reconstruction_w8_c1.0_test,up_blocks.3.resnets.0.conv_shortcut.weight,4,0.00010883880886075002,3.891999750873678e-07,1.0,269.7815817924458
reconstruction_w8_c1.0_test,up_blocks.2.resnets.0.conv2.weight,4,3.0077669528426888e-05,1.0165900625051266e-07,1.0,259.5316853105524
reconstruction_w8_c1.0_test,mid_block.resnets.1.conv2.weight,4,1.2139610137164694e-05,4.95017907454974e-08,0.5,190.4704474981132
reconstruction_w8_c1.0_test,mid_block.resnets.0.conv1.weight,4,3.76149670139402e-05,1.8970323442589578e-07,1.0,184.4446701884893
reconstruction_w8_c1.0_test,conv_in.weight,4,3.895529549525852e-05,2.0353031550392605e-07,1.0,178.8881674434483
reconstruction_w8_c1.0_test,up_blocks.3.resnets.1.conv2.weight,4,9.975182434634404e-06,4.3247554661009756e-08,1.0,173.53986743896843
reconstruction_w8_c1.0_test,up_blocks.3.resnets.0.conv2.weight,4,7.057051256713314e-06,4.274666118586976e-08,1.0,123.85192700735202
reconstruction_w8_c1.0_test,up_blocks.0.upsamplers.0.conv.weight,4,3.293806123304591e-05,2.962964633987836e-07,1.0,106.07061870944194
reconstruction_w8_c1.0_test,up_blocks.1.resnets.1.conv1.weight,4,1.8890973231902302e-05,1.8823660281011934e-07,0.75,93.30272357400737
reconstruction_w8_c1.0_test,mid_block.attentions.0.to_v.weight,4,3.7957654987109217e-06,3.488040251233489e-08,1.0,77.28560440038736
reconstruction_w8_c1.0_test,up_blocks.3.resnets.1.conv1.weight,4,6.353638636740719e-06,7.695071870283571e-08,0.75,69.67946543068315
reconstruction_w8_c1.0_test,mid_block.attentions.0.to_k.weight,4,8.94100173865984e-07,2.41115591401352e-09,0.5,53.718293653241524
reconstruction_w8_c1.0_test,up_blocks.2.resnets.2.conv1.weight,4,5.0054672435814115e-06,8.28312252131404e-08,0.75,51.56856601453151
reconstruction_w8_c1.0_test,up_blocks.0.resnets.2.conv2.weight,4,4.314182158138395e-06,7.620223340534123e-08,0.75,47.70461669308648
reconstruction_w8_c1.0_test,up_blocks.2.resnets.0.conv1.weight,4,6.7622734053718394e-06,1.2812418649319232e-07,0.75,47.50212880711881
reconstruction_w8_c1.0_test,up_blocks.1.resnets.0.conv1.weight,4,6.10186701732673e-06,1.543730599258847e-07,0.75,36.190063249472686
reconstruction_w8_c1.0_test,up_blocks.2.upsamplers.0.conv.weight,4,8.84821315853086e-06,3.3491017856775833e-07,0.5,25.342643275933266
reconstruction_w8_c1.0_test,up_blocks.0.resnets.2.conv1.weight,4,4.568205020620195e-06,2.160715451090902e-07,0.25,19.835489351128643
reconstruction_w8_c1.0_test,up_blocks.2.resnets.1.conv1.weight,4,2.1953825983725886e-06,1.0712442532300097e-07,0.25,18.090208083707335
reconstruction_w8_c1.0_test,up_blocks.1.resnets.1.conv2.weight,4,8.368467153790592e-07,1.358305221002855e-07,0.5,5.576613387138731
reconstruction_w8_c1.0_test,up_blocks.0.resnets.0.conv1.weight,4,-4.907970971494036e-06,1.7285390951904994e-07,0.25,0.0
reconstruction_w8_c1.0_test,up_blocks.0.resnets.0.conv2.weight,4,-2.1253287866363896e-06,7.355744249789787e-08,0.5,0.0
reconstruction_w8_c1.0_test,up_blocks.0.resnets.1.conv1.weight,4,-1.2477614650546329e-05,2.0193434512165214e-07,0.5,0.0
reconstruction_w8_c1.0_test,up_blocks.0.resnets.1.conv2.weight,4,-8.686214737755502e-06,8.214551334696185e-08,0.25,0.0
reconstruction_w8_c1.0_test,up_blocks.1.resnets.0.conv2.weight,4,-1.2838140614472507e-05,1.544595868943419e-07,0.5,0.0
reconstruction_w8_c1.0_test,up_blocks.1.resnets.2.conv1.weight,4,-4.2504448854787836e-05,2.1657696763592688e-07,0.25,0.0
reconstruction_w8_c1.0_test,up_blocks.1.resnets.2.conv2.weight,4,-2.0085197975858755e-07,6.436355972054265e-08,0.5,0.0
reconstruction_w8_c1.0_test,up_blocks.1.upsamplers.0.conv.weight,4,-3.250762322979403e-05,1.9183182163355053e-07,0.0,0.0
reconstruction_w8_c1.0_test,up_blocks.3.resnets.2.conv1.weight,4,-1.9547703736986695e-05,2.6818009192557796e-07,0.25,0.0
reconstruction_w8_c1.0_test,up_blocks.3.resnets.2.conv2.weight,4,-1.5002323952301263e-06,5.4205363481387096e-08,0.5,0.0
reconstruction_w8_c1.0_test,mid_block.attentions.0.to_q.weight,4,-3.3802441178731115e-06,7.697436380469529e-10,0.0,0.0
reconstruction_w8_c1.0_test,mid_block.attentions.0.to_out.0.weight,4,-8.348300957250048e-06,4.3383089901111485e-08,0.25,0.0
reconstruction_w8_c1.0_test,mid_block.resnets.0.conv2.weight,4,-6.039057480916098e-06,1.6596338401316234e-07,0.0,0.0
reconstruction_w8_c1.0_test,mid_block.resnets.1.conv1.weight,4,-1.4565458328182634e-05,9.533568554924939e-08,0.25,0.0
reconstruction_w8_c1.0_test,conv_out.weight,4,-7.38263018655627e-05,5.00666587822488e-07,0.25,0.0
