method,layer,n,local_owner_gain,absolute_local_quality_dot,negative_owner_dot_fraction,diagnostic_priority
fixed_ptq_w4_c1.0_test,up_blocks.2.resnets.1.conv1.weight,4,0.0017160229549693408,1.4282493805763403e-05,1.0,99.72051899613783
fixed_ptq_w4_c1.0_test,up_blocks.3.resnets.0.conv1.weight,4,0.0008321092658519018,6.398313629284115e-06,1.0,89.24243578810672
fixed_ptq_w4_c1.0_test,up_blocks.3.resnets.1.conv1.weight,4,0.0007818429076548911,8.077365529986317e-06,0.75,71.05598769438755
fixed_ptq_w4_c1.0_test,up_blocks.3.resnets.1.conv2.weight,4,0.0005100795007402243,4.353475730514683e-06,1.0,70.07255058245167
fixed_ptq_w4_c1.0_test,up_blocks.2.resnets.2.conv1.weight,4,0.0010868387567165199,1.297566124720368e-05,1.0,68.34822958661479
fixed_ptq_w4_c1.0_test,up_blocks.3.resnets.0.conv_shortcut.weight,4,0.0013189833839316405,1.9507144972091313e-05,1.0,58.79663312153587
fixed_ptq_w4_c1.0_test,up_blocks.2.resnets.1.conv2.weight,4,0.0007549280428225235,1.584363037243189e-05,1.0,40.22108458781843
fixed_ptq_w4_c1.0_test,up_blocks.2.upsamplers.0.conv.weight,4,0.0006928121743968725,1.745496823599748e-05,0.75,33.99337823945158
fixed_ptq_w4_c1.0_test,up_blocks.1.resnets.1.conv2.weight,4,0.000785910339488155,2.3696348673359118e-05,0.75,29.520887708941476
fixed_ptq_w4_c1.0_test,up_blocks.1.resnets.0.conv2.weight,4,0.0007412943932682178,2.869790098833291e-05,0.75,23.44107972750871
fixed_ptq_w4_c1.0_test,up_blocks.1.upsamplers.0.conv.weight,4,0.0010384017952151379,5.622053809746452e-05,1.0,17.556476131900396
fixed_ptq_w4_c1.0_test,mid_block.attentions.0.to_v.weight,4,0.00010433769859348165,3.2514990840656194e-06,0.75,16.890423284326488
fixed_ptq_w4_c1.0_test,up_blocks.2.resnets.0.conv2.weight,4,0.00038573101975977096,2.148786885735812e-05,1.0,15.799778072636224
fixed_ptq_w4_c1.0_test,up_blocks.3.resnets.0.conv2.weight,4,0.00014265794961817,6.193443343413525e-06,0.5,15.64356592064923
fixed_ptq_w4_c1.0_test,up_blocks.1.resnets.2.conv2.weight,4,0.0003307586844425181,1.9284760877984195e-05,0.75,14.891935569907826
fixed_ptq_w4_c1.0_test,up_blocks.0.resnets.1.conv2.weight,4,0.00035981807180957644,2.1625803241480278e-05,1.0,14.655565765867179
fixed_ptq_w4_c1.0_test,up_blocks.1.resnets.2.conv1.weight,4,0.0005159936608776408,4.0749991555402705e-05,0.75,11.814171905222262
fixed_ptq_w4_c1.0_test,up_blocks.2.resnets.0.conv1.weight,4,0.00024828759388017646,2.0940842450689053e-05,0.75,10.403109067886561
fixed_ptq_w4_c1.0_test,up_blocks.0.resnets.1.conv1.weight,4,0.0003449343183872599,4.0821492289178803e-05,0.75,7.884695620055153
fixed_ptq_w4_c1.0_test,up_blocks.2.resnets.2.conv2.weight,4,7.782548095223322e-05,6.978793231282477e-06,0.5,7.85749050551555
fixed_ptq_w4_c1.0_test,up_blocks.2.resnets.0.conv_shortcut.weight,4,0.00047250468495229226,8.578889036655868e-05,1.0,5.326113686526448
fixed_ptq_w4_c1.0_test,conv_out.weight,4,0.0003360077843620341,7.217695364156187e-05,0.75,4.473972457957672
fixed_ptq_w4_c1.0_test,mid_block.attentions.0.to_q.weight,4,1.3801923769872344e-05,3.098473981818141e-07,0.75,4.265544176178649
fixed_ptq_w4_c1.0_test,up_blocks.0.resnets.2.conv1.weight,4,0.00015714380415971212,5.6283020908705244e-05,0.75,2.654059358352852
fixed_ptq_w4_c1.0_test,up_blocks.0.upsamplers.0.conv.weight,4,0.00030874962274882265,0.00011445564624541657,1.0,2.630309596626352
fixed_ptq_w4_c1.0_test,up_blocks.0.resnets.2.conv2.weight,4,3.822085231374681e-05,2.1268249414285456e-05,0.75,1.579760571629296
fixed_ptq_w4_c1.0_test,mid_block.resnets.0.conv1.weight,4,8.939865446509938e-05,6.80426221820508e-05,0.5,1.2596957104847961
fixed_ptq_w4_c1.0_test,conv_in.weight,4,-0.0007152960945105769,0.00012056881753601138,0.0,0.0
fixed_ptq_w4_c1.0_test,up_blocks.0.resnets.0.conv1.weight,4,-0.00015976239885662392,3.211556453010733e-05,0.5,0.0
fixed_ptq_w4_c1.0_test,up_blocks.0.resnets.0.conv2.weight,4,-0.0003625105255298458,1.6251213242886674e-05,0.0,0.0
fixed_ptq_w4_c1.0_test,up_blocks.1.resnets.0.conv1.weight,4,-0.00024939705187538024,4.2394961170327074e-05,0.5,0.0
fixed_ptq_w4_c1.0_test,up_blocks.1.resnets.1.conv1.weight,4,-0.0002984979241941949,3.685973477795659e-05,0.25,0.0
fixed_ptq_w4_c1.0_test,up_blocks.3.resnets.2.conv1.weight,4,-9.01230023808269e-05,2.9298176809953705e-06,0.25,0.0
fixed_ptq_w4_c1.0_test,up_blocks.3.resnets.2.conv2.weight,4,-9.987624064634781e-05,2.4564387345956946e-06,0.25,0.0
fixed_ptq_w4_c1.0_test,mid_block.attentions.0.to_k.weight,4,-1.1116473938830221e-05,5.111947295851914e-07,0.25,0.0
fixed_ptq_w4_c1.0_test,mid_block.attentions.0.to_out.0.weight,4,-4.32012354693071e-05,6.354480561195008e-06,0.75,0.0
fixed_ptq_w4_c1.0_test,mid_block.resnets.0.conv2.weight,4,-0.00018009064564285406,3.7286720349847204e-05,0.5,0.0
fixed_ptq_w4_c1.0_test,mid_block.resnets.1.conv1.weight,4,-0.00043871257410559294,1.9415894112641577e-05,0.0,0.0
fixed_ptq_w4_c1.0_test,mid_block.resnets.1.conv2.weight,4,-4.426406560892888e-05,1.676119453925361e-05,0.5,0.0
fixed_ptq_w8_c1.0_test,up_blocks.3.resnets.1.conv1.weight,4,2.5773248081612777e-05,2.841794419366709e-08,1.0,601.6685097085115
fixed_ptq_w8_c1.0_test,up_blocks.3.resnets.0.conv1.weight,4,2.2385901761911192e-05,6.866713260817134e-08,1.0,269.43217515066027
fixed_ptq_w8_c1.0_test,up_blocks.2.resnets.1.conv2.weight,4,2.4920729529746134e-05,7.97535268316023e-08,1.0,264.6302792215175
fixed_ptq_w8_c1.0_test,mid_block.resnets.1.conv2.weight,4,1.4308738653652305e-05,5.285567494663213e-08,0.5,212.69337001614306
fixed_ptq_w8_c1.0_test,up_blocks.3.resnets.0.conv_shortcut.weight,4,1.2511494363849532e-05,7.217944879524456e-08,0.75,144.47820646511556
fixed_ptq_w8_c1.0_test,up_blocks.2.resnets.0.conv2.weight,4,1.2398372744563146e-05,8.255121726128738e-08,1.0,127.85839259981317
fixed_ptq_w8_c1.0_test,up_blocks.0.resnets.2.conv2.weight,4,1.139275822329292e-05,8.38780848318453e-08,0.75,115.90205153783008
fixed_ptq_w8_c1.0_test,conv_in.weight,4,6.12909660464612e-05,6.005269473416757e-07,1.0,99.66897301501847
fixed_ptq_w8_c1.0_test,up_blocks.1.resnets.1.conv1.weight,4,2.3008201334787252e-05,2.1982961880596622e-07,0.75,98.22156259950292
fixed_ptq_w8_c1.0_test,mid_block.resnets.0.conv1.weight,4,2.923859697802164e-05,3.541523093546706e-07,0.75,79.32969267928378
fixed_ptq_w8_c1.0_test,up_blocks.0.upsamplers.0.conv.weight,4,3.803516600803013e-05,5.205745725691923e-07,1.0,71.09470900668171
fixed_ptq_w8_c1.0_test,mid_block.attentions.0.to_k.weight,4,1.0326494732408816e-06,1.0610840054767836e-09,0.5,66.71107010372435
fixed_ptq_w8_c1.0_test,up_blocks.0.resnets.1.conv1.weight,4,1.5538289391179486e-05,2.4335183277144965e-07,0.75,60.27962328721059
fixed_ptq_w8_c1.0_test,up_blocks.1.resnets.0.conv1.weight,4,1.024006705318573e-05,1.9113453689169594e-07,0.75,49.81718966830086
fixed_ptq_w8_c1.0_test,up_blocks.0.resnets.2.conv1.weight,4,1.1873756918205976e-05,3.0683798137293044e-07,0.5,36.960382824605404
fixed_ptq_w8_c1.0_test,up_blocks.1.resnets.2.conv2.weight,4,6.423045597995761e-08,7.75202513723932e-08,0.5,0.6986233902087968
fixed_ptq_w8_c1.0_test,up_blocks.0.resnets.0.conv1.weight,4,-2.0618877525617134e-06,2.5791734616781706e-07,0.5,0.0
fixed_ptq_w8_c1.0_test,up_blocks.0.resnets.0.conv2.weight,4,-9.721293250945777e-07,8.917431865982046e-08,0.5,0.0
fixed_ptq_w8_c1.0_test,up_blocks.0.resnets.1.conv2.weight,4,-3.3786037767839666e-06,1.0742877902442194e-07,0.5,0.0
fixed_ptq_w8_c1.0_test,up_blocks.1.resnets.0.conv2.weight,4,-1.328578988367564e-05,1.5160481029027196e-07,0.75,0.0
fixed_ptq_w8_c1.0_test,up_blocks.1.resnets.1.conv2.weight,4,-8.403984292338754e-07,1.4384629622665735e-07,0.5,0.0
fixed_ptq_w8_c1.0_test,up_blocks.1.resnets.2.conv1.weight,4,-3.801429420851989e-05,2.402189116043452e-07,0.25,0.0
fixed_ptq_w8_c1.0_test,up_blocks.1.upsamplers.0.conv.weight,4,-7.699305123567517e-05,2.4729911211045744e-07,0.0,0.0
fixed_ptq_w8_c1.0_test,up_blocks.2.resnets.0.conv1.weight,4,-4.26831541265893e-06,1.2234292100027608e-07,0.75,0.0
fixed_ptq_w8_c1.0_test,up_blocks.2.resnets.0.conv_shortcut.weight,4,-3.040031340940348e-05,1.3796919212448633e-07,0.25,0.0
fixed_ptq_w8_c1.0_test,up_blocks.2.resnets.1.conv1.weight,4,-6.555291334029768e-06,9.13259506697397e-08,0.25,0.0
fixed_ptq_w8_c1.0_test,up_blocks.2.resnets.2.conv1.weight,4,-2.8089898730511224e-06,1.0514221818254572e-07,0.5,0.0
fixed_ptq_w8_c1.0_test,up_blocks.2.resnets.2.conv2.weight,4,-2.3118623220935465e-06,1.522561359168197e-08,0.25,0.0
fixed_ptq_w8_c1.0_test,up_blocks.2.upsamplers.0.conv.weight,4,-1.5554323291823756e-05,1.567254005632182e-07,0.0,0.0
fixed_ptq_w8_c1.0_test,up_blocks.3.resnets.0.conv2.weight,4,-2.805013104532367e-05,1.902587872698113e-08,0.25,0.0
fixed_ptq_w8_c1.0_test,up_blocks.3.resnets.1.conv2.weight,4,-2.5273750892144247e-05,1.5008870847648575e-08,0.0,0.0
fixed_ptq_w8_c1.0_test,up_blocks.3.resnets.2.conv1.weight,4,-3.840820804075607e-05,3.782067799814426e-08,0.25,0.0
fixed_ptq_w8_c1.0_test,up_blocks.3.resnets.2.conv2.weight,4,-6.062074168847917e-06,4.501154270067844e-09,0.5,0.0
fixed_ptq_w8_c1.0_test,mid_block.attentions.0.to_q.weight,4,-3.8336170519606024e-06,1.2994993746974598e-09,0.0,0.0
fixed_ptq_w8_c1.0_test,mid_block.attentions.0.to_v.weight,4,-6.384040393635391e-07,3.994312453473985e-08,0.5,0.0
fixed_ptq_w8_c1.0_test,mid_block.attentions.0.to_out.0.weight,4,-1.0226607803946918e-05,3.4741013925646393e-08,0.25,0.0
fixed_ptq_w8_c1.0_test,mid_block.resnets.0.conv2.weight,4,-3.1618779819454283e-06,2.1826530534500642e-07,0.5,0.0
fixed_ptq_w8_c1.0_test,mid_block.resnets.1.conv1.weight,4,-2.3368129143379615e-05,1.1015402783818568e-07,0.25,0.0
fixed_ptq_w8_c1.0_test,conv_out.weight,4,-0.00017266912781592865,2.92883130383425e-07,0.0,0.0
natural_full_finetune_fp32_test,up_blocks.2.resnets.1.conv2.weight,4,8.546621840175105e-05,7.6885151366367e-06,1.0,9.282317117082895
natural_full_finetune_fp32_test,up_blocks.3.resnets.0.conv1.weight,4,5.7482173924475736e-05,9.946643716884326e-06,1.0,5.013467904151442
natural_full_finetune_fp32_test,up_blocks.2.resnets.2.conv1.weight,4,0.00011742394304281661,2.543060210683655e-05,1.0,4.357182894155348
natural_full_finetune_fp32_test,up_blocks.2.resnets.0.conv2.weight,4,8.81186293411968e-05,1.8768791612898164e-05,1.0,4.343451077189579
natural_full_finetune_fp32_test,up_blocks.2.resnets.1.conv1.weight,4,0.00010631928952462268,2.7282479209788832e-05,1.0,3.691464231801288
natural_full_finetune_fp32_test,up_blocks.2.upsamplers.0.conv.weight,4,0.00019447172796482684,6.713395993594465e-05,1.0,2.832681790610743
natural_full_finetune_fp32_test,up_blocks.2.resnets.0.conv1.weight,4,0.00012326329769910295,4.7122890955194604e-05,1.0,2.534102380284039
natural_full_finetune_fp32_test,up_blocks.2.resnets.0.conv_shortcut.weight,4,0.0003494777101156992,0.00013914073499029606,1.0,2.484562760751773
natural_full_finetune_fp32_test,up_blocks.2.resnets.2.conv2.weight,4,7.470232592084309e-05,3.546748664652961e-05,1.0,2.0197244766344316
natural_full_finetune_fp32_test,up_blocks.3.resnets.0.conv_shortcut.weight,4,0.00012142139589532198,7.741945623708466e-05,1.0,1.5381797882848256
natural_full_finetune_fp32_test,up_blocks.1.resnets.2.conv1.weight,4,8.604241242171123e-05,7.150074802627668e-05,1.0,1.1783459068817275
natural_full_finetune_fp32_test,up_blocks.3.resnets.1.conv1.weight,4,2.8792133507958423e-05,2.4749681267663752e-05,1.0,1.0960670010443696
natural_full_finetune_fp32_test,up_blocks.3.resnets.2.conv1.weight,4,3.8940387992787675e-05,3.648455740112726e-05,0.75,1.024653618061732
natural_full_finetune_fp32_test,up_blocks.1.upsamplers.0.conv.weight,4,0.0002460957114083986,0.0002461003689561581,1.0,0.9938471461227536
natural_full_finetune_fp32_test,conv_out.weight,4,9.22555916196282e-05,9.414861862104439e-05,1.0,0.964335498032068
natural_full_finetune_fp32_test,up_blocks.3.resnets.0.conv2.weight,4,3.371813562943669e-05,3.5903337791847945e-05,1.0,0.9010185039830562
natural_full_finetune_fp32_test,up_blocks.3.resnets.1.conv2.weight,4,3.5721522903269464e-05,3.82317649497452e-05,1.0,0.8986394579353678
natural_full_finetune_fp32_test,up_blocks.1.resnets.0.conv2.weight,4,5.706699036633954e-05,6.279319738588899e-05,1.0,0.8873444635212626
natural_full_finetune_fp32_test,up_blocks.1.resnets.2.conv2.weight,4,7.384628393974563e-05,8.314339629693404e-05,1.0,0.8722451489285941
natural_full_finetune_fp32_test,up_blocks.1.resnets.1.conv2.weight,4,5.4665609425395794e-05,7.18368720559731e-05,1.0,0.7452120285984611
natural_full_finetune_fp32_test,mid_block.resnets.0.conv2.weight,4,4.7154330744298604e-05,6.541640927917853e-05,1.0,0.7044760955426331
natural_full_finetune_fp32_test,up_blocks.1.resnets.1.conv1.weight,4,3.190542717381233e-05,4.6143773560157894e-05,1.0,0.6694005948597852
natural_full_finetune_fp32_test,up_blocks.3.resnets.2.conv2.weight,4,2.111118343838578e-05,3.373806558483776e-05,1.0,0.598780368373268
natural_full_finetune_fp32_test,up_blocks.0.upsamplers.0.conv.weight,4,9.240302433752522e-05,0.00016477607494251354,1.0,0.555657319788635
natural_full_finetune_fp32_test,conv_in.bias,4,3.0471205005909616e-06,4.483725755957636e-06,1.0,0.5076306147676867
natural_full_finetune_fp32_test,mid_block.resnets.0.norm2.bias,4,1.815652963909844e-06,2.278670644850363e-06,1.0,0.4781081018699615
natural_full_finetune_fp32_test,mid_block.resnets.0.norm1.bias,4,1.6803689694165405e-06,2.289260972086534e-06,1.0,0.44125382134264834
natural_full_finetune_fp32_test,up_blocks.3.resnets.0.norm1.weight,4,9.977074890097461e-07,9.247999102098883e-07,0.75,0.40827613483436503
natural_full_finetune_fp32_test,up_blocks.0.resnets.2.conv1.weight,4,6.288770182800617e-06,1.3925869127478857e-05,0.75,0.4071777962074765
natural_full_finetune_fp32_test,up_blocks.0.resnets.2.norm2.bias,4,9.640152902617135e-07,8.932270203102188e-07,1.0,0.3996523455808219
natural_full_finetune_fp32_test,up_blocks.1.resnets.0.conv1.weight,4,1.4506735404576048e-05,3.778924003772342e-05,0.75,0.36905161518372404
natural_full_finetune_fp32_test,up_blocks.0.resnets.0.norm2.weight,4,7.832132789488056e-07,6.522866384829483e-07,1.0,0.3607292414132191
natural_full_finetune_fp32_test,mid_block.attentions.0.to_v.weight,4,6.965374999908601e-06,1.820926462027658e-05,1.0,0.3530674253244525
natural_full_finetune_fp32_test,up_blocks.0.resnets.1.norm2.bias,4,7.474091312075432e-07,6.297315341300792e-07,0.75,0.3478523182450094
natural_full_finetune_fp32_test,up_blocks.0.resnets.0.norm1.weight,4,5.880666606719602e-07,1.8359514235866923e-07,1.0,0.3454130315939687
natural_full_finetune_fp32_test,up_blocks.2.resnets.1.norm1.weight,4,5.55739065320956e-07,1.7785148327133719e-07,0.75,0.3275297271535222
natural_full_finetune_fp32_test,up_blocks.0.resnets.1.norm2.weight,4,6.099180310187255e-07,4.5960913223590423e-07,1.0,0.3082703304261223
natural_full_finetune_fp32_test,conv_norm_out.weight,4,3.4635374840252217e-06,9.821388374298572e-06,1.0,0.30541861234311746
natural_full_finetune_fp32_test,up_blocks.0.resnets.2.norm2.weight,4,6.831822578251082e-07,7.484015154154276e-07,0.75,0.3013185231372114
natural_full_finetune_fp32_test,mid_block.resnets.1.norm2.weight,4,6.439750986518424e-07,6.922978148110189e-07,1.0,0.29123258809795854
natural_full_finetune_fp32_test,up_blocks.0.resnets.2.norm1.bias,4,7.235854269330754e-07,1.368196925977573e-06,1.0,0.2506266748336716
natural_full_finetune_fp32_test,mid_block.resnets.1.norm2.bias,4,5.616673344451415e-07,7.877038317046071e-07,1.0,0.24350322191008736
natural_full_finetune_fp32_test,up_blocks.2.resnets.2.norm1.bias,4,4.124698768330099e-07,3.2718513315682877e-07,1.0,0.22342856990417048
natural_full_finetune_fp32_test,conv_in.weight,4,2.6043123189808717e-05,0.0001154310569611815,1.0,0.22268602876480129
natural_full_finetune_fp32_test,up_blocks.3.resnets.2.norm1.bias,4,1.9943598214911886e-06,7.444431849701875e-06,1.0,0.22250187167429303
natural_full_finetune_fp32_test,up_blocks.0.resnets.1.conv1.weight,4,4.517544145907894e-06,1.9745788897583864e-05,0.5,0.212443386141482
natural_full_finetune_fp32_test,up_blocks.0.resnets.0.norm1.bias,4,3.470602058886547e-07,1.357576462478299e-07,1.0,0.20974646696500868
natural_full_finetune_fp32_test,up_blocks.2.resnets.0.norm2.bias,4,3.385121204551416e-07,1.2640444161714012e-07,0.75,0.20574340655680928
natural_full_finetune_fp32_test,up_blocks.2.resnets.0.norm1.bias,4,3.613956913387621e-07,3.3800140824145564e-07,1.0,0.194622178278322
natural_full_finetune_fp32_test,up_blocks.2.resnets.1.norm1.bias,4,3.1487746219680284e-07,1.0371721456167502e-07,0.75,0.19405437666519273
natural_full_finetune_fp32_test,up_blocks.2.resnets.1.conv1.bias,4,2.919957115100776e-07,3.50955572755639e-08,0.75,0.18789903700068256
natural_full_finetune_fp32_test,up_blocks.1.resnets.0.norm2.bias,4,2.9611291672578263e-07,1.1614668342963642e-07,0.5,0.18110279609593297
natural_full_finetune_fp32_test,conv_norm_out.bias,4,9.222841315563774e-07,3.669232144393313e-06,1.0,0.1777677863413436
natural_full_finetune_fp32_test,up_blocks.2.resnets.1.norm2.bias,4,2.786015360135653e-07,9.59136048637381e-08,1.0,0.17252778302642655
natural_full_finetune_fp32_test,mid_block.resnets.0.norm1.weight,4,4.2459427688338804e-07,9.64671166005961e-07,1.0,0.17096065937742272
natural_full_finetune_fp32_test,up_blocks.3.resnets.1.norm1.bias,4,3.5277065977264515e-07,6.751943267913184e-07,0.75,0.1607813396604686
natural_full_finetune_fp32_test,up_blocks.3.resnets.1.conv1.bias,4,2.884361877934317e-07,3.2045969990173584e-07,1.0,0.15681271244145084
natural_full_finetune_fp32_test,up_blocks.0.resnets.2.conv2.weight,4,7.4903185214034704e-06,4.78251001955896e-05,0.5,0.15179793543537834
natural_full_finetune_fp32_test,up_blocks.3.resnets.2.norm2.weight,4,6.814128294386574e-07,3.0084372532613234e-06,1.0,0.1505104735114636
natural_full_finetune_fp32_test,up_blocks.3.resnets.1.norm2.weight,4,5.062487294356085e-07,1.8635872430969178e-06,1.0,0.14966725484014026
natural_full_finetune_fp32_test,up_blocks.3.resnets.2.norm1.weight,4,6.369745314486769e-07,2.875396143216842e-06,1.0,0.1449545951491877
natural_full_finetune_fp32_test,mid_block.attentions.0.to_out.0.bias,4,2.7812089242394736e-07,4.211050741133987e-07,1.0,0.14336034236899056
natural_full_finetune_fp32_test,up_blocks.1.resnets.0.norm2.weight,4,2.3229749463457056e-07,1.1284278649412808e-07,1.0,0.14236091829542522
natural_full_finetune_fp32_test,up_blocks.0.resnets.2.norm1.weight,4,3.193535239329295e-07,7.373281832880256e-07,0.5,0.14154261499543763
natural_full_finetune_fp32_test,up_blocks.3.resnets.2.conv1.bias,4,3.8412251985714716e-07,1.2293113106215472e-06,1.0,0.13977143792717714
natural_full_finetune_fp32_test,mid_block.resnets.1.conv2.bias,4,2.571914728617415e-07,4.7103808595605054e-07,1.0,0.1292454686190184
natural_full_finetune_fp32_test,up_blocks.2.resnets.2.norm1.weight,4,2.8262187701117126e-07,6.73387427736237e-07,1.0,0.12891598225031523
natural_full_finetune_fp32_test,up_blocks.0.resnets.1.conv2.bias,4,2.1399545372534585e-07,1.4112047390572265e-07,1.0,0.12891073769264402
natural_full_finetune_fp32_test,mid_block.resnets.0.conv2.bias,4,2.826576380418217e-07,7.269104198572386e-07,1.0,0.12585954233809274
natural_full_finetune_fp32_test,up_blocks.2.resnets.2.norm2.weight,4,5.317343417735889e-07,2.7852945503629047e-06,1.0,0.123538419779648
natural_full_finetune_fp32_test,up_blocks.0.resnets.0.conv2.bias,4,2.2416901273959906e-07,3.0577184856398413e-07,0.75,0.12285390908754075
natural_full_finetune_fp32_test,up_blocks.0.resnets.1.norm1.bias,4,2.0209045937198146e-07,2.0280293504071083e-07,0.75,0.11737771596176917
natural_full_finetune_fp32_test,up_blocks.3.resnets.2.norm2.bias,4,4.6990507038497426e-07,2.5267540879540116e-06,1.0,0.1161503599420975
natural_full_finetune_fp32_test,up_blocks.3.resnets.0.norm2.weight,4,6.920893715451319e-07,4.465034784310775e-06,0.75,0.11565775838237528
natural_full_finetune_fp32_test,mid_block.attentions.0.to_out.0.weight,4,5.2036023510526314e-06,4.4108776687439514e-05,0.75,0.11404484850276182
natural_full_finetune_fp32_test,up_blocks.2.resnets.0.norm1.weight,4,2.0507455215828385e-07,3.1210909557566054e-07,0.75,0.11200036780368347
natural_full_finetune_fp32_test,up_blocks.3.resnets.0.norm1.bias,4,2.3792947216161318e-07,6.303932891135012e-07,0.75,0.1107008630898199
natural_full_finetune_fp32_test,up_blocks.0.resnets.2.conv2.bias,4,1.7654428315179343e-07,1.4589025854617857e-07,0.75,0.10604547207591705
natural_full_finetune_fp32_test,up_blocks.1.resnets.2.conv1.bias,4,1.4144945025185048e-07,7.551107257086425e-08,0.75,0.08871537050804736
natural_full_finetune_fp32_test,mid_block.resnets.1.norm1.weight,4,1.3332594696725413e-07,2.548152324814628e-07,0.75,0.0751672914281284
natural_full_finetune_fp32_test,up_blocks.2.resnets.0.norm2.weight,4,1.355209758406666e-07,3.710872903892774e-07,0.75,0.07170441089362657
natural_full_finetune_fp32_test,up_blocks.2.resnets.1.norm2.weight,4,1.2039238562295713e-07,1.6959133981533887e-07,1.0,0.07130142470474073
natural_full_finetune_fp32_test,up_blocks.3.resnets.1.norm2.bias,4,1.3734111017902813e-07,4.995537476998422e-07,0.75,0.06804247452639677
natural_full_finetune_fp32_test,up_blocks.2.resnets.0.conv1.bias,4,1.0223512444806254e-07,2.2059863799431088e-08,0.75,0.06634476174060357
natural_full_finetune_fp32_test,up_blocks.3.resnets.1.norm1.weight,4,1.328255818644378e-07,7.394258083143144e-07,1.0,0.058815751808241556
natural_full_finetune_fp32_test,up_blocks.2.resnets.2.conv1.bias,4,9.417970257823767e-08,9.778824434404408e-08,0.5,0.05825443192116718
natural_full_finetune_fp32_test,up_blocks.1.resnets.1.conv2.bias,4,8.862964395755575e-08,1.5184869038435163e-08,1.0,0.057773335836946924
natural_full_finetune_fp32_test,up_blocks.1.resnets.0.conv2.bias,4,8.546248781108771e-08,6.25021053060345e-08,1.0,0.05404196223067387
natural_full_finetune_fp32_test,up_blocks.0.resnets.2.conv1.bias,4,8.212058250775324e-08,1.5160945061441217e-07,1.0,0.049158779083081396
natural_full_finetune_fp32_test,up_blocks.1.resnets.2.conv2.bias,4,6.863334856426484e-08,2.845973583384295e-08,1.0,0.04435491398208229
natural_full_finetune_fp32_test,up_blocks.0.resnets.1.conv1.bias,4,6.92420183792398e-08,6.359102289780818e-08,1.0,0.043754865843053624
natural_full_finetune_fp32_test,up_blocks.2.resnets.0.conv2.bias,4,6.335154416467195e-08,4.951601708475479e-08,1.0,0.04039185606571288
natural_full_finetune_fp32_test,up_blocks.2.resnets.0.conv_shortcut.bias,4,6.335151558368193e-08,4.951615626471205e-08,1.0,0.040391834258643865
natural_full_finetune_fp32_test,up_blocks.0.resnets.0.conv1.bias,4,6.290494570412161e-08,6.150980350953968e-08,1.0,0.03980273973027348
natural_full_finetune_fp32_test,up_blocks.1.resnets.2.norm2.bias,4,6.725205215731682e-08,1.7838028850842223e-07,0.25,0.03962324217342003
natural_full_finetune_fp32_test,up_blocks.2.resnets.2.norm2.bias,4,6.851321865728601e-08,2.2510861185227693e-07,0.5,0.03928473548888582
natural_full_finetune_fp32_test,up_blocks.1.resnets.0.conv1.bias,4,5.3975286062090106e-08,2.5539862721269626e-08,1.0,0.03494795687084009
natural_full_finetune_fp32_test,up_blocks.1.resnets.1.norm2.bias,4,5.8720514983721484e-08,2.055467577691025e-07,0.5,0.034051647724950805
natural_full_finetune_fp32_test,up_blocks.0.resnets.0.conv2.weight,4,1.0137239151387876e-06,3.914808818183059e-05,0.5,0.024927435471722784
natural_full_finetune_fp32_test,mid_block.attentions.0.to_k.weight,4,1.1353902188648147e-07,3.0830044214866325e-06,0.25,0.02467214049682699
natural_full_finetune_fp32_test,up_blocks.1.resnets.1.conv1.bias,4,3.695607692926864e-08,4.404502378217084e-08,0.75,0.02364503856950282
natural_full_finetune_fp32_test,up_blocks.0.upsamplers.0.conv.bias,4,3.715321546283079e-08,5.858044515746263e-08,0.75,0.02355213640226816
natural_full_finetune_fp32_test,up_blocks.3.resnets.0.conv2.bias,4,2.709427825375833e-08,1.9692353593559422e-08,1.0,0.017609695624258962
natural_full_finetune_fp32_test,up_blocks.3.resnets.0.conv_shortcut.bias,4,2.709415148355052e-08,1.9692458893324028e-08,1.0,0.017609612025862288
natural_full_finetune_fp32_test,up_blocks.3.resnets.1.conv2.bias,4,2.718480990502031e-08,2.979934207070403e-08,1.0,0.017553229592702765
natural_full_finetune_fp32_test,up_blocks.1.upsamplers.0.conv.bias,4,2.6426075168492176e-08,1.3233254266174512e-08,0.75,0.017247809651354317
natural_full_finetune_fp32_test,up_blocks.1.resnets.2.norm1.bias,4,2.1738731383396193e-08,1.258826825316391e-07,1.0,0.013216718615084753
natural_full_finetune_fp32_test,up_blocks.2.resnets.1.conv2.bias,4,1.1586111955839945e-08,5.829317778237338e-08,0.75,0.007345996490696946
natural_full_finetune_fp32_test,up_blocks.3.resnets.2.conv2.bias,4,1.0848535426934232e-08,6.406765450112927e-08,1.0,0.0068532561438797235
natural_full_finetune_fp32_test,up_blocks.2.upsamplers.0.conv.bias,4,8.063637336492835e-09,1.1482869606060932e-08,1.0,0.005269006232519006
natural_full_finetune_fp32_test,up_blocks.1.resnets.1.norm2.weight,4,4.715903040033655e-09,1.9024080000540384e-07,0.75,0.0027592120281923964
natural_full_finetune_fp32_test,up_blocks.3.resnets.0.norm2.bias,4,7.389150272121153e-11,6.076249120562822e-07,0.5,3.474741137152321e-05
natural_full_finetune_fp32_test,mid_block.attentions.0.to_k.bias,4,1.2455701364301206e-17,9.444381515884357e-17,0.75,8.200433468943835e-12
natural_full_finetune_fp32_test,up_blocks.0.resnets.0.conv1.weight,4,-3.485177980475553e-06,2.027406904051502e-05,0.25,0.0
natural_full_finetune_fp32_test,up_blocks.0.resnets.0.norm2.bias,4,-1.0501942546225056e-07,7.369239040324962e-07,0.5,0.0
natural_full_finetune_fp32_test,up_blocks.0.resnets.1.norm1.weight,4,-1.258144233538041e-08,3.8206665960765486e-07,0.75,0.0
natural_full_finetune_fp32_test,up_blocks.0.resnets.1.conv2.weight,4,-8.933315916324515e-07,4.1691172083879655e-05,0.25,0.0
natural_full_finetune_fp32_test,up_blocks.1.resnets.0.norm1.weight,4,-1.8926520972690174e-07,4.2045348250663525e-07,0.25,0.0
natural_full_finetune_fp32_test,up_blocks.1.resnets.0.norm1.bias,4,-2.0889552770141115e-07,1.6729475405835628e-07,0.25,0.0
natural_full_finetune_fp32_test,up_blocks.1.resnets.1.norm1.weight,4,-8.634304711107101e-08,1.4253952812801051e-07,0.25,0.0
natural_full_finetune_fp32_test,up_blocks.1.resnets.1.norm1.bias,4,-2.3386421120245073e-07,4.94372548697861e-07,0.5,0.0
natural_full_finetune_fp32_test,up_blocks.1.resnets.2.norm1.weight,4,-4.811129565333153e-07,2.67550247894095e-07,0.5,0.0
natural_full_finetune_fp32_test,up_blocks.1.resnets.2.norm2.weight,4,-1.0320055120723791e-07,1.8524487140637975e-07,0.5,0.0
natural_full_finetune_fp32_test,up_blocks.2.resnets.2.conv2.bias,4,-4.3983339278905725e-08,7.76987277094361e-08,0.0,0.0
natural_full_finetune_fp32_test,up_blocks.3.resnets.0.conv1.bias,4,-4.8393268128782236e-08,1.4349625182893242e-07,0.0,0.0
natural_full_finetune_fp32_test,mid_block.attentions.0.group_norm.weight,4,-1.1686246725928744e-06,1.4542956111334272e-06,0.0,0.0
natural_full_finetune_fp32_test,mid_block.attentions.0.group_norm.bias,4,-3.932089935456244e-07,5.004255864803689e-07,0.0,0.0
natural_full_finetune_fp32_test,mid_block.attentions.0.to_q.weight,4,-1.8369649638919492e-06,4.005249322792731e-06,0.5,0.0
natural_full_finetune_fp32_test,mid_block.attentions.0.to_q.bias,4,-3.7568387485408625e-08,1.7499360085309166e-07,0.5,0.0
natural_full_finetune_fp32_test,mid_block.attentions.0.to_v.bias,4,-1.292797158231406e-07,1.0855364201483874e-07,0.0,0.0
natural_full_finetune_fp32_test,mid_block.resnets.0.conv1.weight,4,-1.0742137236888027e-05,2.5258261593440632e-05,0.0,0.0
natural_full_finetune_fp32_test,mid_block.resnets.0.conv1.bias,4,-4.960094554804923e-09,2.5401562125091113e-08,0.25,0.0
natural_full_finetune_fp32_test,mid_block.resnets.0.norm2.weight,4,-4.3323297258198004e-07,7.030769664133916e-07,0.25,0.0
natural_full_finetune_fp32_test,mid_block.resnets.1.norm1.bias,4,-2.069206050101199e-07,3.3864164322139085e-07,0.0,0.0
natural_full_finetune_fp32_test,mid_block.resnets.1.conv1.weight,4,-6.197688505184213e-06,1.4987977118249608e-05,0.25,0.0
natural_full_finetune_fp32_test,mid_block.resnets.1.conv1.bias,4,-5.246678984268439e-10,1.4398832210049774e-08,0.75,0.0
natural_full_finetune_fp32_test,mid_block.resnets.1.conv2.weight,4,-3.8996922922454097e-07,3.9900569330450826e-05,0.5,0.0
natural_full_finetune_fp32_test,conv_out.bias,4,-9.115837058691548e-08,5.036848631289885e-06,0.5,0.0
natural_residual_qat_w4_c1.0_test,up_blocks.3.resnets.0.conv1.weight,4,0.0006299035954656736,1.7181380681630008e-05,1.0,29.566146180604758
natural_residual_qat_w4_c1.0_test,up_blocks.3.resnets.1.conv2.weight,4,0.0003626403290642846,8.249669427346406e-06,1.0,29.308574138746675
natural_residual_qat_w4_c1.0_test,up_blocks.3.resnets.2.conv1.weight,4,0.00035649370245727707,8.637725188895346e-06,1.0,27.93566755555969
natural_residual_qat_w4_c1.0_test,up_blocks.3.resnets.1.conv1.weight,4,0.0003468301256752724,9.805766379784333e-06,1.0,24.89935917288655
natural_residual_qat_w4_c1.0_test,up_blocks.3.resnets.0.conv2.weight,4,0.0003372788112349724,1.1609643587283798e-05,1.0,21.43745365672433
natural_residual_qat_w4_c1.0_test,up_blocks.2.resnets.2.conv1.weight,4,0.0009949081141233517,4.377073752724918e-05,1.0,20.773017784522846
natural_residual_qat_w4_c1.0_test,up_blocks.2.upsamplers.0.conv.weight,4,0.0009620625422609205,4.658927313635791e-05,1.0,18.97080833214702
natural_residual_qat_w4_c1.0_test,up_blocks.3.resnets.0.conv_shortcut.weight,4,0.0005161063525297145,2.6744447720668713e-05,1.0,16.71980732071579
natural_residual_qat_w4_c1.0_test,up_blocks.2.resnets.1.conv2.weight,4,0.0009744121252092138,5.4824906511008134e-05,1.0,16.529911002877594
natural_residual_qat_w4_c1.0_test,conv_out.weight,4,0.00032802502986242993,1.6564499926117355e-05,1.0,15.85580181029584
natural_residual_qat_w4_c1.0_test,up_blocks.2.resnets.2.conv2.weight,4,0.0006963012822643008,4.0743101061565955e-05,1.0,15.519363333041287
natural_residual_qat_w4_c1.0_test,up_blocks.3.resnets.2.conv2.weight,4,0.00019125179079564083,8.654771641886776e-06,1.0,14.966937968079952
natural_residual_qat_w4_c1.0_test,up_blocks.2.resnets.1.conv1.weight,4,0.0009423526082499562,6.002930556325928e-05,1.0,14.689184857047609
natural_residual_qat_w4_c1.0_test,up_blocks.2.resnets.0.conv2.weight,4,0.0008591950403064754,5.7080087369530904e-05,1.0,14.0383088204693
natural_residual_qat_w4_c1.0_test,up_blocks.2.resnets.0.conv1.weight,4,0.000982849092978963,7.760366581457857e-05,1.0,12.025976051870394
natural_residual_qat_w4_c1.0_test,up_blocks.2.resnets.0.conv_shortcut.weight,4,0.000590964636393011,5.6618345328190386e-05,1.0,9.729116863790813
natural_residual_qat_w4_c1.0_test,up_blocks.1.upsamplers.0.conv.weight,4,0.0009250958605748474,0.00011528857280215529,1.0,7.747087372257029
natural_residual_qat_w4_c1.0_test,up_blocks.1.resnets.2.conv1.weight,4,0.0006489952639725498,9.164851017057473e-05,1.0,6.776459802612772
natural_residual_qat_w4_c1.0_test,up_blocks.1.resnets.2.conv2.weight,4,0.0006177451928239823,8.977717407645646e-05,1.0,6.578707922999994
natural_residual_qat_w4_c1.0_test,up_blocks.1.resnets.0.conv2.weight,4,0.0004342822508401736,7.267577433763495e-05,1.0,5.654769294674345
natural_residual_qat_w4_c1.0_test,up_blocks.1.resnets.1.conv2.weight,4,0.00044532809175955524,9.116130883937624e-05,1.0,4.673651941940037
natural_residual_qat_w4_c1.0_test,up_blocks.1.resnets.1.conv1.weight,4,0.00028471156850909,7.813046905699696e-05,1.0,3.4613712556098766
natural_residual_qat_w4_c1.0_test,up_blocks.0.resnets.0.conv1.weight,4,8.396845167596511e-05,2.159117351416474e-05,1.0,3.2653889144550194
natural_residual_qat_w4_c1.0_test,up_blocks.0.resnets.2.conv2.weight,4,8.465982453927592e-05,2.790257037301733e-05,1.0,2.6434648297095706
natural_residual_qat_w4_c1.0_test,up_blocks.0.upsamplers.0.conv.weight,4,0.00025807620012582345,9.767238574542282e-05,1.0,2.535231809699807
natural_residual_qat_w4_c1.0_test,up_blocks.0.resnets.2.conv1.weight,4,0.00012536969656967275,5.199146123966506e-05,1.0,2.2341576144879864
natural_residual_qat_w4_c1.0_test,mid_block.resnets.0.conv1.weight,4,7.6962373033647e-05,3.032915875369084e-05,1.0,2.2338579137920904
natural_residual_qat_w4_c1.0_test,up_blocks.1.resnets.0.conv1.weight,4,0.00013589277292636037,7.416027222184334e-05,1.0,1.735899367454643
natural_residual_qat_w4_c1.0_test,mid_block.resnets.0.conv2.weight,4,6.995962939391334e-05,3.811398973138918e-05,1.0,1.6563391577918272
natural_residual_qat_w4_c1.0_test,up_blocks.0.resnets.1.conv2.weight,4,4.358630883448984e-05,2.832615721404752e-05,1.0,1.343197289719332
natural_residual_qat_w4_c1.0_test,mid_block.attentions.0.to_v.weight,4,1.0857819954326104e-05,8.07474701162678e-06,0.75,0.8901122052806518
natural_residual_qat_w4_c1.0_test,up_blocks.0.resnets.1.conv1.weight,4,1.4153306588605074e-05,2.6219610062337847e-05,0.75,0.46644198904978645
natural_residual_qat_w4_c1.0_test,mid_block.attentions.0.to_q.weight,4,2.3982232544072886e-06,2.2946468351987933e-06,0.5,0.3736621376439727
natural_residual_qat_w4_c1.0_test,conv_in.weight,4,-4.838452275507506e-05,4.6346194849799185e-05,0.25,0.0
natural_residual_qat_w4_c1.0_test,up_blocks.0.resnets.0.conv2.weight,4,-1.5778178860850807e-06,2.0844390626039045e-05,0.25,0.0
natural_residual_qat_w4_c1.0_test,mid_block.attentions.0.to_k.weight,4,-7.585041731886945e-07,1.1807367064185335e-06,0.25,0.0
natural_residual_qat_w4_c1.0_test,mid_block.attentions.0.to_out.0.weight,4,-2.124141065419171e-06,2.7774632427679933e-06,0.75,0.0
natural_residual_qat_w4_c1.0_test,mid_block.resnets.1.conv1.weight,4,-3.724669156012692e-05,2.4371875105565805e-05,0.25,0.0
natural_residual_qat_w4_c1.0_test,mid_block.resnets.1.conv2.weight,4,-2.5881774416675923e-05,2.2584028232278876e-05,0.25,0.0
natural_residual_qat_w8_c1.0_test,up_blocks.3.resnets.2.conv2.weight,4,0.00030008946658583395,2.174366562193778e-06,1.0,97.0018527691173
natural_residual_qat_w8_c1.0_test,up_blocks.3.resnets.0.conv2.weight,4,0.0004951262520340618,4.855509030385811e-06,1.0,85.73927693399565
natural_residual_qat_w8_c1.0_test,up_blocks.3.resnets.1.conv2.weight,4,0.0005165759301937464,5.315615530357496e-06,1.0,82.85237693221896
natural_residual_qat_w8_c1.0_test,up_blocks.3.resnets.2.conv1.weight,4,0.000490883564906376,5.655016455869149e-06,1.0,74.66708478406782
natural_residual_qat_w8_c1.0_test,up_blocks.3.resnets.0.conv1.weight,4,0.0005732908091659132,7.291016360615519e-06,1.0,69.82583464172114
natural_residual_qat_w8_c1.0_test,up_blocks.3.resnets.0.conv_shortcut.weight,4,0.0006546029683009198,8.47818510130051e-06,1.0,69.65739677096046
natural_residual_qat_w8_c1.0_test,up_blocks.2.resnets.2.conv2.weight,4,0.0006214628379568181,8.523404988102869e-06,1.0,65.81420712055052
natural_residual_qat_w8_c1.0_test,up_blocks.2.upsamplers.0.conv.weight,4,0.0009410526597236172,1.3452125457868279e-05,1.0,65.48090582855043
natural_residual_qat_w8_c1.0_test,up_blocks.2.resnets.1.conv2.weight,4,0.0007849073816913608,1.3186731176060552e-05,1.0,55.64346727303305
natural_residual_qat_w8_c1.0_test,up_blocks.2.resnets.2.conv1.weight,4,0.0006065476563867495,1.1405558996684587e-05,1.0,49.21343372483964
natural_residual_qat_w8_c1.0_test,up_blocks.2.resnets.1.conv1.weight,4,0.0005305745073068043,1.058703929154995e-05,1.0,46.111574448106055
natural_residual_qat_w8_c1.0_test,up_blocks.3.resnets.1.conv1.weight,4,0.00024371362220558738,4.563033584064395e-06,1.0,44.45451908383531
natural_residual_qat_w8_c1.0_test,up_blocks.2.resnets.0.conv2.weight,4,0.0005968745515111365,1.3094354891777641e-05,1.0,42.59241432444266
natural_residual_qat_w8_c1.0_test,conv_out.weight,4,0.0002007473465810538,3.83236245222207e-06,1.0,42.24798912276417
natural_residual_qat_w8_c1.0_test,up_blocks.1.resnets.1.conv1.weight,4,0.0005016520791835003,1.2225742102619555e-05,1.0,38.16289300170751
natural_residual_qat_w8_c1.0_test,up_blocks.2.resnets.0.conv_shortcut.weight,4,0.0004820750298393205,1.182180112015493e-05,1.0,37.83627293307165
natural_residual_qat_w8_c1.0_test,up_blocks.2.resnets.0.conv1.weight,4,0.0005968063737105502,1.50206999304807e-05,1.0,37.44084806085297
natural_residual_qat_w8_c1.0_test,up_blocks.1.resnets.2.conv2.weight,4,0.0003357620309787607,9.789321202073088e-06,1.0,31.354424237768296
natural_residual_qat_w8_c1.0_test,up_blocks.1.resnets.2.conv1.weight,4,0.000554008258556808,1.681395911828848e-05,1.0,31.241232861449
natural_residual_qat_w8_c1.0_test,up_blocks.1.resnets.0.conv2.weight,4,0.00036261151558659115,1.108625911842939e-05,1.0,30.203684010362792
natural_residual_qat_w8_c1.0_test,up_blocks.1.upsamplers.0.conv.weight,4,0.0005818909354323673,1.858632640274965e-05,1.0,29.83198357477027
natural_residual_qat_w8_c1.0_test,up_blocks.0.resnets.1.conv1.weight,4,0.00032888465973781846,1.0210254040279055e-05,1.0,29.550622064755697
natural_residual_qat_w8_c1.0_test,up_blocks.1.resnets.1.conv2.weight,4,0.00028536778066302296,9.106446029613357e-06,1.0,28.463552112618643
natural_residual_qat_w8_c1.0_test,up_blocks.0.resnets.0.conv1.weight,4,0.00030340464241662593,9.875666106322555e-06,1.0,28.106174328544206
natural_residual_qat_w8_c1.0_test,up_blocks.0.resnets.2.conv2.weight,4,0.00021392329545042251,6.941603024732227e-06,1.0,27.213646311758453
natural_residual_qat_w8_c1.0_test,up_blocks.1.resnets.0.conv1.weight,4,0.0003159961107030377,1.1019535675774021e-05,1.0,26.467960835279072
natural_residual_qat_w8_c1.0_test,up_blocks.0.resnets.1.conv2.weight,4,0.00015148879226879977,5.394797070742152e-06,1.0,23.9922297526684
natural_residual_qat_w8_c1.0_test,up_blocks.0.upsamplers.0.conv.weight,4,0.0004610590293684529,2.0388562185990803e-05,1.0,21.6379970001268
natural_residual_qat_w8_c1.0_test,mid_block.resnets.1.conv2.weight,4,0.00015500878964141824,6.3283675005964684e-06,1.0,21.38746201535922
natural_residual_qat_w8_c1.0_test,up_blocks.0.resnets.2.conv1.weight,4,0.0002636147161127042,1.224361423215542e-05,1.0,20.027108605250877
natural_residual_qat_w8_c1.0_test,up_blocks.0.resnets.0.conv2.weight,4,0.00010742480133969876,5.215434974031119e-06,1.0,17.510968072954782
natural_residual_qat_w8_c1.0_test,mid_block.resnets.1.conv1.weight,4,0.00011172662088567957,5.470184606816889e-06,1.0,17.48606878241392
natural_residual_qat_w8_c1.0_test,mid_block.resnets.0.conv2.weight,4,0.00021151538211456206,1.1411383835060357e-05,1.0,17.153608412191574
natural_residual_qat_w8_c1.0_test,mid_block.resnets.0.conv1.weight,4,0.0002825712198662663,2.4430584818421485e-05,1.0,11.14685304218548
natural_residual_qat_w8_c1.0_test,mid_block.attentions.0.to_v.weight,4,3.194534003030579e-05,1.9704781377816084e-06,0.75,11.05467531483738
natural_residual_qat_w8_c1.0_test,conv_in.weight,4,8.695081177252725e-05,8.739972961957255e-06,0.75,9.00181519443375
natural_residual_qat_w8_c1.0_test,mid_block.attentions.0.to_out.0.weight,4,1.736039923120831e-05,1.7643801795549715e-06,0.75,6.468925591641219
natural_residual_qat_w8_c1.0_test,mid_block.attentions.0.to_k.weight,4,3.2155315406892773e-06,1.2274300446775448e-07,0.5,3.0858540998024737
natural_residual_qat_w8_c1.0_test,mid_block.attentions.0.to_q.weight,4,8.793691362239258e-07,1.2683607744910105e-07,0.5,0.8406036357849731
natural_residual_w4_c1.0_test,up_blocks.3.resnets.0.conv1.weight,4,0.00047201257752219853,2.15644234951212e-05,1.0,18.32789722919425
natural_residual_w4_c1.0_test,up_blocks.3.resnets.1.conv2.weight,4,0.0002112781988385491,8.163136641771336e-06,1.0,17.104097788197347
natural_residual_w4_c1.0_test,up_blocks.3.resnets.2.conv1.weight,4,0.00023275276539546177,9.713635120821419e-06,1.0,16.741203794907797
natural_residual_w4_c1.0_test,up_blocks.3.resnets.0.conv2.weight,4,0.00023728345270457787,1.2016294976159179e-05,1.0,14.64202148155127
natural_residual_w4_c1.0_test,up_blocks.3.resnets.1.conv1.weight,4,0.00020774635969738437,1.0036789595395388e-05,1.0,14.603140057642326
natural_residual_w4_c1.0_test,up_blocks.2.resnets.2.conv1.weight,4,0.0006735007215747822,4.498181765670344e-05,1.0,13.697064888042393
natural_residual_w4_c1.0_test,up_blocks.2.resnets.1.conv2.weight,4,0.000610609621277661,4.905054848263686e-05,1.0,11.469022271954424
natural_residual_w4_c1.0_test,conv_out.weight,4,0.0002135896299165792,1.5736221566415883e-05,1.0,10.719370934175664
natural_residual_w4_c1.0_test,up_blocks.2.resnets.2.conv2.weight,4,0.00043178581668725636,3.911875229822058e-05,1.0,9.970092411229981
natural_residual_w4_c1.0_test,up_blocks.2.upsamplers.0.conv.weight,4,0.000593474999036363,5.584785373682592e-05,1.0,9.885120021810527
natural_residual_w4_c1.0_test,up_blocks.2.resnets.0.conv2.weight,4,0.0005973953513470032,5.678981802504102e-05,1.0,9.796711511129763
natural_residual_w4_c1.0_test,up_blocks.2.resnets.1.conv1.weight,4,0.0005543631406187046,5.5386231608564895e-05,1.0,9.30520682031718
natural_residual_w4_c1.0_test,up_blocks.3.resnets.0.conv_shortcut.weight,4,0.0003261400683176205,3.3599640138187325e-05,1.0,8.630557132043979
natural_residual_w4_c1.0_test,up_blocks.3.resnets.2.conv2.weight,4,0.00010173036271766244,8.345116499351524e-06,1.0,8.116048221254445
natural_residual_w4_c1.0_test,up_blocks.2.resnets.0.conv1.weight,4,0.0006836403395957989,8.713726837401565e-05,1.0,7.485663279501846
natural_residual_w4_c1.0_test,up_blocks.2.resnets.0.conv_shortcut.weight,4,0.00040878029858994555,5.617528548247815e-05,1.0,6.771850302894833
natural_residual_w4_c1.0_test,up_blocks.1.resnets.2.conv1.weight,4,0.00045398712168594446,8.596568879447519e-05,1.0,5.035626519287109
natural_residual_w4_c1.0_test,up_blocks.1.upsamplers.0.conv.weight,4,0.0006168069020938456,0.0001321514997562873,1.0,4.524006469724713
natural_residual_w4_c1.0_test,up_blocks.1.resnets.2.conv2.weight,4,0.00043075432074312394,9.924619178914436e-05,1.0,4.164470923940235
natural_residual_w4_c1.0_test,up_blocks.1.resnets.0.conv2.weight,4,0.0003353630592020922,8.000835793614792e-05,1.0,3.9830424555756534
natural_residual_w4_c1.0_test,up_blocks.1.resnets.1.conv2.weight,4,0.00034791067794476125,9.208893639934377e-05,1.0,3.613594283910165
natural_residual_w4_c1.0_test,up_blocks.1.resnets.1.conv1.weight,4,0.0002013264198733905,7.446112197321758e-05,1.0,2.559761002498867
natural_residual_w4_c1.0_test,up_blocks.0.upsamplers.0.conv.weight,4,0.00017235748337580994,9.608870184993852e-05,1.0,1.7187956310278925
natural_residual_w4_c1.0_test,up_blocks.1.resnets.0.conv1.weight,4,0.00010960736256525399,7.446535134398328e-05,1.0,1.3935258268566364
natural_residual_w4_c1.0_test,up_blocks.0.resnets.0.conv1.weight,4,2.9456128236555737e-05,2.1373678459659046e-05,1.0,1.1522939968536197
natural_residual_w4_c1.0_test,up_blocks.0.resnets.2.conv1.weight,4,5.595325734755609e-05,4.697306396716476e-05,1.0,1.0936398268079686
natural_residual_w4_c1.0_test,mid_block.resnets.0.conv2.weight,4,3.098944109655027e-05,3.160059977587274e-05,1.0,0.8658698401106741
natural_residual_w4_c1.0_test,up_blocks.0.resnets.2.conv2.weight,4,2.0470206475741173e-05,2.1842489801837864e-05,0.75,0.7863525552218675
natural_residual_w4_c1.0_test,mid_block.attentions.0.to_v.weight,4,6.575448061242318e-06,6.754677247941156e-06,0.75,0.6008250734430358
natural_residual_w4_c1.0_test,mid_block.resnets.0.conv1.weight,4,1.4836178609374688e-05,2.471347348488141e-05,0.75,0.5133123701484994
natural_residual_w4_c1.0_test,mid_block.attentions.0.to_q.weight,4,2.200622386269916e-06,2.525426372325603e-06,0.75,0.3277281515098954
natural_residual_w4_c1.0_test,up_blocks.0.resnets.0.conv2.weight,4,5.111705838243396e-06,2.330046791330012e-05,0.5,0.18594903788367112
natural_residual_w4_c1.0_test,mid_block.attentions.0.to_k.weight,4,2.3903569598691776e-08,2.52146222454437e-06,0.25,0.003561946964209996
natural_residual_w4_c1.0_test,conv_in.weight,4,-5.285288832626545e-05,4.839949784713597e-05,0.25,0.0
natural_residual_w4_c1.0_test,up_blocks.0.resnets.1.conv1.weight,4,-1.1291549567392046e-06,2.1317481600460377e-05,0.75,0.0
natural_residual_w4_c1.0_test,up_blocks.0.resnets.1.conv2.weight,4,-3.2190724285889854e-06,2.7986369657628468e-05,0.5,0.0
natural_residual_w4_c1.0_test,mid_block.attentions.0.to_out.0.weight,4,-4.5764352493806416e-06,5.426560638921573e-06,0.5,0.0
natural_residual_w4_c1.0_test,mid_block.resnets.1.conv1.weight,4,-3.27037425554058e-05,2.3900773381150707e-05,0.0,0.0
natural_residual_w4_c1.0_test,mid_block.resnets.1.conv2.weight,4,-2.896571680832797e-05,2.7073148277816918e-05,0.25,0.0
natural_residual_w8_c1.0_test,up_blocks.3.resnets.0.conv2.weight,4,0.0005452140246227783,5.1050515312923925e-06,1.0,89.63753695991704
natural_residual_w8_c1.0_test,up_blocks.3.resnets.2.conv2.weight,4,0.0002794489839523617,2.1421988395192495e-06,1.0,89.57912423300255
natural_residual_w8_c1.0_test,up_blocks.3.resnets.1.conv2.weight,4,0.0005820544627189344,5.84379564011012e-06,1.0,85.33054160677362
natural_residual_w8_c1.0_test,conv_out.weight,4,0.0004951804936996332,5.865521809382043e-06,1.0,72.36412765983395
natural_residual_w8_c1.0_test,up_blocks.3.resnets.0.conv_shortcut.weight,4,0.0009288570398602157,1.2155705913730796e-05,1.0,70.7264971461763
natural_residual_w8_c1.0_test,up_blocks.3.resnets.0.conv1.weight,4,0.0005906931696140146,7.816460084088492e-06,1.0,67.17125639009926
natural_residual_w8_c1.0_test,up_blocks.2.resnets.2.conv2.weight,4,0.0005776385935789801,7.885902751694443e-06,1.0,65.172095215449
natural_residual_w8_c1.0_test,up_blocks.3.resnets.2.conv1.weight,4,0.0004870320355340862,6.530251694682197e-06,1.0,64.8716091374194
natural_residual_w8_c1.0_test,up_blocks.2.upsamplers.0.conv.weight,4,0.0009397291162823908,1.4546860027652189e-05,1.0,60.533025793299316
natural_residual_w8_c1.0_test,up_blocks.2.resnets.1.conv2.weight,4,0.000760277603639976,1.3621531883097242e-05,1.0,52.0776959743269
natural_residual_w8_c1.0_test,up_blocks.2.resnets.2.conv1.weight,4,0.0006093450527639967,1.1859741509269105e-05,1.0,47.46742758765857
natural_residual_w8_c1.0_test,up_blocks.2.resnets.1.conv1.weight,4,0.0005157030380939273,1.0906052253860258e-05,1.0,43.39681523639664
natural_residual_w8_c1.0_test,up_blocks.3.resnets.1.conv1.weight,4,0.000265402328427335,5.21770858531012e-06,1.0,42.84077614104049
natural_residual_w8_c1.0_test,up_blocks.2.resnets.0.conv_shortcut.weight,4,0.0007085273727797215,1.5918219389110183e-05,1.0,41.93562061404057
natural_residual_w8_c1.0_test,up_blocks.2.resnets.0.conv2.weight,4,0.0005578077556712018,1.3296332660183155e-05,1.0,39.079378800096585
natural_residual_w8_c1.0_test,up_blocks.1.resnets.1.conv1.weight,4,0.00046030130478897513,1.1637756510406433e-05,1.0,36.48802120712516
natural_residual_w8_c1.0_test,up_blocks.2.resnets.0.conv1.weight,4,0.0005616720877226052,1.4462867789632907e-05,1.0,36.377146203545976
natural_residual_w8_c1.0_test,up_blocks.1.resnets.2.conv2.weight,4,0.00028015989653902465,8.222274541971299e-06,1.0,30.453311964440115
natural_residual_w8_c1.0_test,up_blocks.0.resnets.1.conv1.weight,4,0.00032733074980131324,9.993865056382842e-06,1.0,29.835337760883494
natural_residual_w8_c1.0_test,up_blocks.1.resnets.2.conv1.weight,4,0.000500741455106924,1.5950040850480518e-05,1.0,29.5816776341881
natural_residual_w8_c1.0_test,up_blocks.1.resnets.0.conv2.weight,4,0.00032781793390366083,1.0112634621298914e-05,1.0,29.559743312329143
natural_residual_w8_c1.0_test,up_blocks.1.upsamplers.0.conv.weight,4,0.0005990578163879906,1.9600097444024047e-05,1.0,29.112308292790438
natural_residual_w8_c1.0_test,up_blocks.1.resnets.1.conv2.weight,4,0.00024045785848986103,7.618403320855084e-06,1.0,27.97393772926461
natural_residual_w8_c1.0_test,up_blocks.0.resnets.2.conv2.weight,4,0.00019069163551101178,6.45769889123303e-06,1.0,25.647566501868358
natural_residual_w8_c1.0_test,up_blocks.1.resnets.0.conv1.weight,4,0.0002874689553931997,1.0232001211086727e-05,1.0,25.645394226008385
natural_residual_w8_c1.0_test,up_blocks.0.resnets.0.conv1.weight,4,0.0002943196717944104,1.0551104917196424e-05,1.0,25.52978283800173
natural_residual_w8_c1.0_test,up_blocks.0.upsamplers.0.conv.weight,4,0.0006075168722204279,2.5081296652069614e-05,1.0,23.313421516117526
natural_residual_w8_c1.0_test,up_blocks.0.resnets.1.conv2.weight,4,0.00012462087898669792,4.875924152413955e-06,1.0,21.29069546534584
natural_residual_w8_c1.0_test,up_blocks.0.resnets.2.conv1.weight,4,0.0003077986848095073,1.3711510628429092e-05,1.0,20.954524694669086
natural_residual_w8_c1.0_test,mid_block.resnets.1.conv2.weight,4,0.0001420035297622546,6.191969336808273e-06,1.0,19.80703655073428
natural_residual_w8_c1.0_test,mid_block.resnets.0.conv2.weight,4,0.00019870804659161216,1.1765964898997914e-05,1.0,15.593086069861684
natural_residual_w8_c1.0_test,up_blocks.0.resnets.0.conv2.weight,4,8.993295152650758e-05,4.8975519769640656e-06,1.0,15.30791822227613
natural_residual_w8_c1.0_test,mid_block.resnets.1.conv1.weight,4,7.294692341713841e-05,5.212240066437425e-06,1.0,11.785366988540979
natural_residual_w8_c1.0_test,mid_block.attentions.0.to_v.weight,4,3.07649410074955e-05,1.9476952855812486e-06,0.75,10.517664119729996
natural_residual_w8_c1.0_test,mid_block.attentions.0.to_out.0.weight,4,2.801596694614544e-05,1.816346379596161e-06,1.0,10.028177657964514
natural_residual_w8_c1.0_test,mid_block.resnets.0.conv1.weight,4,0.0002709818118679408,2.7821963128119193e-05,1.0,9.409305868457958
natural_residual_w8_c1.0_test,conv_in.weight,4,9.234411057323826e-05,1.4112519041614848e-05,0.75,6.119598349044987
natural_residual_w8_c1.0_test,mid_block.attentions.0.to_k.weight,4,3.197095649599839e-06,9.748375549936175e-08,0.5,2.974424273457986
natural_residual_w8_c1.0_test,mid_block.attentions.0.to_q.weight,4,9.785494868450312e-07,9.497375812586868e-08,0.5,0.9125263685952003
reconstruction_w4_c1.0_test,up_blocks.3.resnets.0.conv2.weight,4,0.0005810193216650393,1.6980524353045596e-06,0.75,204.09588288852842
reconstruction_w4_c1.0_test,up_blocks.3.resnets.0.conv_shortcut.weight,4,0.001783821209701677,7.5997176144059626e-06,1.0,203.9011426719292
reconstruction_w4_c1.0_test,up_blocks.3.resnets.2.conv2.weight,4,0.0003094459502682676,9.703298976678664e-07,1.0,146.02889944408957
reconstruction_w4_c1.0_test,up_blocks.2.resnets.1.conv1.weight,4,0.0010769048023981998,7.350412449453995e-06,1.0,126.70726527024453
reconstruction_w4_c1.0_test,up_blocks.3.resnets.1.conv1.weight,4,0.0003028442729727885,1.4271597691194201e-06,0.75,117.56818716784336
reconstruction_w4_c1.0_test,up_blocks.3.resnets.0.conv1.weight,4,0.0005802111280691656,4.8304079212170435e-06,0.75,97.03904301325578
reconstruction_w4_c1.0_test,up_blocks.2.resnets.2.conv2.weight,4,0.0002776271103768834,2.2912359128393156e-06,0.75,80.70603927604654
reconstruction_w4_c1.0_test,up_blocks.2.resnets.2.conv1.weight,4,0.000511503079558938,6.0320188328774174e-06,1.0,71.23242055554606
reconstruction_w4_c1.0_test,up_blocks.1.resnets.2.conv2.weight,4,0.00048053281505990877,5.7139143446227945e-06,0.75,70.02138657314133
reconstruction_w4_c1.0_test,up_blocks.3.resnets.2.conv1.weight,4,0.000322119916946639,3.843493982470199e-06,0.75,64.52415788626321
reconstruction_w4_c1.0_test,up_blocks.1.upsamplers.0.conv.weight,4,0.001245944567408401,2.019781331678568e-05,1.0,58.36747258277593
reconstruction_w4_c1.0_test,up_blocks.2.resnets.0.conv2.weight,4,0.0003700156394601398,7.996512734572813e-06,1.0,40.459844053123
reconstruction_w4_c1.0_test,up_blocks.0.resnets.1.conv2.weight,4,0.0003665201432884461,8.467171712432874e-06,1.0,38.115991740176305
reconstruction_w4_c1.0_test,up_blocks.1.resnets.1.conv2.weight,4,0.00047679429656719176,1.5388428472613376e-05,0.75,28.83167076624289
reconstruction_w4_c1.0_test,up_blocks.0.upsamplers.0.conv.weight,4,0.0009297061850709803,3.324801155265849e-05,1.0,27.028892252411257
reconstruction_w4_c1.0_test,up_blocks.2.upsamplers.0.conv.weight,4,0.0002516112019164621,9.247119658510227e-06,0.75,24.203012202742666
reconstruction_w4_c1.0_test,up_blocks.1.resnets.0.conv2.weight,4,0.0003467795530449554,1.576931370269602e-05,0.75,20.497599086534105
reconstruction_w4_c1.0_test,mid_block.attentions.0.to_v.weight,4,3.086220432977131e-05,5.958664547245428e-07,0.5,17.690031489834773
reconstruction_w4_c1.0_test,up_blocks.0.resnets.2.conv1.weight,4,0.0003413337895282114,2.252049701764096e-05,1.0,14.420986167679755
reconstruction_w4_c1.0_test,up_blocks.0.resnets.1.conv1.weight,4,0.0002530175440972178,1.8114030263650404e-05,0.5,13.13505249692896
reconstruction_w4_c1.0_test,up_blocks.1.resnets.2.conv1.weight,4,0.00028142521857673416,2.323048895553414e-05,0.5,11.543645582413046
reconstruction_w4_c1.0_test,up_blocks.0.resnets.0.conv1.weight,4,0.00012368907267950167,1.2932984163471043e-05,0.75,8.783657516066055
reconstruction_w4_c1.0_test,up_blocks.2.resnets.0.conv1.weight,4,9.320689403748056e-05,1.1191238422389931e-05,0.75,7.553243993829943
reconstruction_w4_c1.0_test,up_blocks.2.resnets.0.conv_shortcut.weight,4,0.00011285797854256633,1.4116620671502683e-05,0.75,7.393074778303096
reconstruction_w4_c1.0_test,mid_block.resnets.0.conv1.weight,4,9.370282205446266e-05,1.6053177712503378e-05,0.75,5.447230057302655
reconstruction_w4_c1.0_test,mid_block.resnets.0.conv2.weight,4,6.441713845686436e-05,1.8668330699589872e-05,0.75,3.250587747613674
reconstruction_w4_c1.0_test,mid_block.attentions.0.to_k.weight,4,4.387962074432153e-06,5.163461937764136e-07,0.5,2.6352707581592947
reconstruction_w4_c1.0_test,up_blocks.1.resnets.0.conv1.weight,4,4.171506506461706e-05,1.812037239545755e-05,0.5,2.1648665863775123
reconstruction_w4_c1.0_test,mid_block.attentions.0.to_out.0.weight,4,8.117254968854624e-06,3.0638148569383845e-06,0.75,1.926918123869488
reconstruction_w4_c1.0_test,mid_block.resnets.1.conv2.weight,4,1.2644244061394715e-05,9.677053766341938e-06,0.25,1.1679734801030766
reconstruction_w4_c1.0_test,conv_in.weight,4,-0.00072429428918708,6.372351866305798e-05,0.0,0.0
reconstruction_w4_c1.0_test,up_blocks.0.resnets.0.conv2.weight,4,-0.00011154363972976463,9.157754016146877e-06,0.25,0.0
reconstruction_w4_c1.0_test,up_blocks.0.resnets.2.conv2.weight,4,-0.0002075697044595164,8.794591526985947e-06,0.0,0.0
reconstruction_w4_c1.0_test,up_blocks.1.resnets.1.conv1.weight,4,-4.2183802495100756e-06,1.7464002960049375e-05,0.5,0.0
reconstruction_w4_c1.0_test,up_blocks.2.resnets.1.conv2.weight,4,-0.0002508800151179181,5.764532951944569e-06,0.25,0.0
reconstruction_w4_c1.0_test,up_blocks.3.resnets.1.conv2.weight,4,-4.952939562387611e-06,1.371745189384262e-06,0.25,0.0
reconstruction_w4_c1.0_test,mid_block.attentions.0.to_q.weight,4,-1.8274539302074557e-05,3.9360149475388304e-07,0.75,0.0
reconstruction_w4_c1.0_test,mid_block.resnets.1.conv1.weight,4,-0.00030464616405486615,9.184399153705565e-06,0.25,0.0
reconstruction_w4_c1.0_test,conv_out.weight,4,-0.0006533292244552119,1.1283867578196062e-05,0.0,0.0
reconstruction_w8_c1.0_test,up_blocks.2.resnets.0.conv_shortcut.weight,4,5.558289208629812e-05,8.492805858908071e-08,1.0,561.7749338645233
reconstruction_w8_c1.0_test,up_blocks.2.resnets.1.conv2.weight,4,3.561005184795327e-05,6.86547325628504e-08,1.0,430.75855443465804
reconstruction_w8_c1.0_test,up_blocks.3.resnets.1.conv1.weight,4,2.0717116099741083e-05,4.247744341421033e-08,0.75,366.7333536152978
reconstruction_w8_c1.0_test,up_blocks.3.resnets.0.conv1.weight,4,3.404728513804975e-05,1.2391526751726857e-07,1.0,246.84685979645863
reconstruction_w8_c1.0_test,up_blocks.3.resnets.0.conv_shortcut.weight,4,8.787610707108924e-05,4.137898510361924e-07,1.0,205.41238209862843
reconstruction_w8_c1.0_test,up_blocks.2.resnets.0.conv2.weight,4,1.65060452790664e-05,7.839258992740884e-08,1.0,178.62506512490964
reconstruction_w8_c1.0_test,mid_block.resnets.1.conv2.weight,4,1.2029122656997187e-05,5.421289952974388e-08,0.5,176.3118281312527
reconstruction_w8_c1.0_test,mid_block.resnets.0.conv1.weight,4,2.85455921512627e-05,1.9912297658933931e-07,1.0,133.93104513351497
reconstruction_w8_c1.0_test,up_blocks.0.resnets.2.conv2.weight,4,9.681939325105726e-06,7.928751597461537e-08,0.75,103.77098665918712
reconstruction_w8_c1.0_test,up_blocks.0.upsamplers.0.conv.weight,4,3.358052978870741e-05,3.2457063667351e-07,1.0,99.17927435918608
reconstruction_w8_c1.0_test,up_blocks.1.resnets.1.conv1.weight,4,1.983337645659923e-05,1.9794017874407222e-07,0.75,93.57410456688943
reconstruction_w8_c1.0_test,mid_block.attentions.0.to_k.weight,4,1.1549351613436725e-06,2.068416854855294e-09,0.5,71.8157287881319
reconstruction_w8_c1.0_test,up_blocks.2.resnets.2.conv2.weight,4,2.96918922699097e-06,3.34576592849294e-08,0.25,62.54721318671086
reconstruction_w8_c1.0_test,conv_in.weight,4,1.281171992541915e-05,2.557761071764174e-07,1.0,47.48781717202755
reconstruction_w8_c1.0_test,up_blocks.2.resnets.0.conv1.weight,4,4.2804398115912165e-06,1.2233295712972266e-07,0.75,31.393845115139584
reconstruction_w8_c1.0_test,up_blocks.0.resnets.2.conv1.weight,4,6.230149645604336e-06,2.3714243123802435e-07,0.25,24.805902109617268
reconstruction_w8_c1.0_test,up_blocks.2.resnets.2.conv1.weight,4,2.0061881408621026e-06,8.285315697487499e-08,0.5,20.71082078852983
reconstruction_w8_c1.0_test,up_blocks.1.resnets.0.conv1.weight,4,3.1768259408377112e-06,1.641061982791308e-07,0.75,17.835342339818155
reconstruction_w8_c1.0_test,mid_block.attentions.0.to_v.weight,4,7.027077628607373e-07,3.325695241284807e-08,0.75,14.865684724777351
reconstruction_w8_c1.0_test,up_blocks.2.resnets.1.conv1.weight,4,7.711038862389721e-07,9.321346514287922e-08,0.25,7.191323814137941
reconstruction_w8_c1.0_test,up_blocks.1.resnets.1.conv2.weight,4,4.84427049522346e-07,1.3095925450321584e-07,0.5,3.3415038853183554
reconstruction_w8_c1.0_test,up_blocks.0.resnets.0.conv1.weight,4,-8.425622798072333e-06,2.0433088944321602e-07,0.25,0.0
reconstruction_w8_c1.0_test,up_blocks.0.resnets.0.conv2.weight,4,-1.8974744129333e-06,7.2091232671246e-08,0.5,0.0
reconstruction_w8_c1.0_test,up_blocks.0.resnets.1.conv1.weight,4,-1.2432360444926362e-06,2.1174682001041367e-07,0.5,0.0
reconstruction_w8_c1.0_test,up_blocks.0.resnets.1.conv2.weight,4,-6.073393591451246e-06,8.290007340571676e-08,0.25,0.0
reconstruction_w8_c1.0_test,up_blocks.1.resnets.0.conv2.weight,4,-1.5339188352576635e-05,1.445856466063352e-07,0.5,0.0
reconstruction_w8_c1.0_test,up_blocks.1.resnets.2.conv1.weight,4,-4.653857232802272e-05,2.231879531081695e-07,0.25,0.0
reconstruction_w8_c1.0_test,up_blocks.1.resnets.2.conv2.weight,4,-7.738658140030049e-07,5.913301423365824e-08,0.5,0.0
reconstruction_w8_c1.0_test,up_blocks.1.upsamplers.0.conv.weight,4,-6.055530188504957e-05,1.7660944824055895e-07,0.0,0.0
reconstruction_w8_c1.0_test,up_blocks.2.upsamplers.0.conv.weight,4,-1.4891251050215173e-05,2.099596615532785e-07,0.0,0.0
reconstruction_w8_c1.0_test,up_blocks.3.resnets.0.conv2.weight,4,-1.2003234960334072e-05,3.467189976068725e-08,0.25,0.0
reconstruction_w8_c1.0_test,up_blocks.3.resnets.1.conv2.weight,4,-1.0564173503191233e-05,1.5478738417959843e-08,0.25,0.0
reconstruction_w8_c1.0_test,up_blocks.3.resnets.2.conv1.weight,4,-1.4186215281849746e-05,2.8253606017649233e-07,0.25,0.0
reconstruction_w8_c1.0_test,up_blocks.3.resnets.2.conv2.weight,4,-6.294098636332967e-06,3.9443462169345503e-08,0.5,0.0
reconstruction_w8_c1.0_test,mid_block.attentions.0.to_q.weight,4,-3.468588705654641e-06,1.3792713019203512e-09,0.0,0.0
reconstruction_w8_c1.0_test,mid_block.attentions.0.to_out.0.weight,4,-9.42487107319019e-06,2.9438101115503554e-08,0.25,0.0
reconstruction_w8_c1.0_test,mid_block.resnets.0.conv2.weight,4,-7.1778932395280345e-06,1.6257820503597324e-07,0.0,0.0
reconstruction_w8_c1.0_test,mid_block.resnets.1.conv1.weight,4,-1.927721181180578e-05,8.762713224260168e-08,0.25,0.0
reconstruction_w8_c1.0_test,conv_out.weight,4,-9.941591483069406e-05,6.051118020951467e-07,0.25,0.0
