method,comparison_group,role,detector,test_quality_valid,search_quality_valid,bit_accuracy,tpr,n,evasion_rate,evasion_ci95_low,evasion_ci95_high,mean_abs_bit_accuracy_minus_half,detected_count,tpr_ci95_low,tpr_ci95_high,threshold_matches,lower_threshold_matches,lpips,psnr,ssim,highpass_energy_ratio,highpass_mse,reference_valid,total_bits,correct_bits,error_bits,net_additional_bit_errors,decoding_improved_images,decoding_worsened_images,decoding_tied_images,exact_message_accuracy,bit_accuracy_drop_pp,bit_accuracy_drop_ci95_low_pp,bit_accuracy_drop_ci95_high_pp,survival_on_originally_detected,evasion_on_originally_detected,survival_ci95_low,survival_ci95_high,tpr_drop_percentage_points,tpr_drop_ci95_low_pp,tpr_drop_ci95_high_pp,bit_accuracy_retained_percent,tpr_retained_percent
marked_reference_test,,reference,double,True,,0.985625,0.99,100,0.010000000000000009,0.0017674320641406505,0.054486196178705426,0.485625,99,0.9455138038212946,0.9982325679358593,36,12,0.0,120.0,1.0,1.0,0.0,True,4800,4731,69,0,0,0,100,0.75,0.0,0.0,0.0,1.0,0.0,0.9626467879321725,1.0,0.0,0.0,0.0,100.0,100.0
pseudo_target_test,,diagnostic,double,True,,0.9814583333333331,0.99,100,0.010000000000000009,0.0017674320641406505,0.054486196178705426,0.48145833333333343,99,0.9455138038212946,0.9982325679358593,36,12,0.01303590188268572,41.636995010375976,0.9925714315192385,0.6611548715829849,6.312042258286965e-05,True,4800,4711,89,20,1,15,84,0.69,0.4166666666666667,0.20833333333333323,0.6666666666666664,1.0,0.0,0.9626467879321725,1.0,0.0,0.0,0.0,99.57725639399702,100.0
fixed_ptq_w8_c1.0_test,w8_c1.0_all,candidate,double,True,True,0.9852083333333332,0.99,100,0.010000000000000009,0.0017674320641406505,0.054486196178705426,0.4852083333333333,99,0.9455138038212946,0.9982325679358593,36,12,0.00019757633192057255,56.706695556640625,0.9997078776359558,0.998166937828064,1.5602092038591308e-06,True,4800,4729,71,2,0,2,98,0.74,0.041666666666666664,0.0,0.10416666666666662,1.0,0.0,0.9626467879321725,1.0,0.0,0.0,0.0,99.9577256393997,100.0
reconstruction_w8_c1.0_test,w8_c1.0_all,candidate,double,True,True,0.985625,0.99,100,0.010000000000000009,0.0017674320641406505,0.054486196178705426,0.485625,99,0.9455138038212946,0.9982325679358593,36,12,0.00018025130037131021,56.90154266357422,0.9997106790542603,0.9955039072036743,1.374854060998132e-06,True,4800,4731,69,0,0,0,100,0.75,0.0,0.0,0.0,1.0,0.0,0.9626467879321725,1.0,0.0,0.0,0.0,100.0,100.0
natural_residual_qat_w8_c1.0_test,w8_c1.0_all,candidate,double,True,True,0.98125,0.99,100,0.010000000000000009,0.0017674320641406505,0.054486196178705426,0.48125,99,0.9455138038212946,0.9982325679358593,36,12,0.014727138062007726,38.0805549621582,0.980517566204071,0.8323157900571823,0.00010372239980824816,True,4800,4710,90,21,8,20,72,0.7,0.4375,0.08333333333333315,0.8541666666666664,1.0,0.0,0.9626467879321725,1.0,0.0,0.0,0.0,99.55611921369689,100.0
natural_residual_w4_c1.0_test,w4_c1.0_all,candidate,double,True,True,0.7616666666666664,0.62,100,0.38,0.29097599252478734,0.47790244704488927,0.26249999999999996,62,0.5220975529551107,0.7090240074752127,36,12,0.043319352259859445,29.39948081970215,0.8202562928199768,0.7419132974743843,0.0008969583536236315,True,4800,3656,1144,1075,0,100,0,0.0,22.395833333333332,20.645833333333336,24.146354166666665,0.6262626262626263,0.3737373737373737,0.5279244532290264,0.7151681699861687,37.0,27.975000000000005,46.0,77.27753117734092,62.62626262626263
natural_residual_qat_w4_c1.0_test,w4_c1.0_all,candidate,double,True,True,0.8381249999999999,0.8,100,0.19999999999999996,0.13336693333103256,0.28882916559315897,0.33854166666666674,80,0.711170834406841,0.8666330666689674,36,12,0.04050620844587684,29.833942413330078,0.8377979397773743,0.7507545372843742,0.0008078505696175852,True,4800,4023,777,708,0,100,0,0.0,14.75,13.312500000000002,16.167187499999997,0.8080808080808081,0.19191919191919193,0.7195963938569908,0.8735496067880851,18.999999999999993,12.0,26.024999999999864,85.03487634749523,80.8080808080808
natural_full_finetune_fp32_test,fp32_unrestricted_decoder_control,finetune_control,double,True,True,0.6147916666666666,0.06,100,0.94,0.8752318455410408,0.9722138760368119,0.12729166666666666,6,0.027786123963188185,0.1247681544589592,36,12,0.048891782369464634,28.875009536743164,0.8148026466369629,0.6596620786190033,0.0009369882152532227,True,4800,2951,1849,1780,0,100,0,0.0,37.083333333333336,35.5,38.64583333333332,0.06060606060606061,0.9393939393939394,0.02806979744622149,0.12596787376489954,93.0,88.0,97.02499999999986,62.37581906573663,6.0606060606060606
reconstruction_w8_c1.0_final_test,w8_c1.0_all,endpoint_control,double,True,True,0.985625,0.99,100,0.010000000000000009,0.0017674320641406505,0.054486196178705426,0.485625,99,0.9455138038212946,0.9982325679358593,36,12,0.00017997755378019065,56.84969711303711,0.9997149705886841,0.9955124968290329,1.3733836124174559e-06,True,4800,4731,69,0,0,0,100,0.75,0.0,0.0,0.0,1.0,0.0,0.9626467879321725,1.0,0.0,0.0,0.0,100.0,100.0
