method,role,comparison_group,threat_model,ssim,psnr,lpips,absolute_evasion,conditional_evasion,reference_valid,baseline_detected,original_quality_valid,min_ssim_view,aggregate_quality_valid,per_image_quality_violation_fraction,joint_quality_and_evasion_on_baseline_detected,interpretation
marked_reference_test,reference,,unspecified,1.0,120.0,0.0,0.010000000000000009,0.0,True,99,True,0.8,True,0.0,0.0,posthoc view; does not retrain or change frozen checkpoint
marked_reference_test,reference,,unspecified,1.0,120.0,0.0,0.010000000000000009,0.0,True,99,True,0.82,True,0.0,0.0,posthoc view; does not retrain or change frozen checkpoint
marked_reference_test,reference,,unspecified,1.0,120.0,0.0,0.010000000000000009,0.0,True,99,True,0.85,True,0.0,0.0,posthoc view; does not retrain or change frozen checkpoint
marked_reference_test,reference,,unspecified,1.0,120.0,0.0,0.010000000000000009,0.0,True,99,True,0.86,True,0.0,0.0,posthoc view; does not retrain or change frozen checkpoint
marked_reference_test,reference,,unspecified,1.0,120.0,0.0,0.010000000000000009,0.0,True,99,True,0.9,True,0.0,0.0,posthoc view; does not retrain or change frozen checkpoint
marked_reference_test,reference,,unspecified,1.0,120.0,0.0,0.010000000000000009,0.0,True,99,True,0.95,True,0.0,0.0,posthoc view; does not retrain or change frozen checkpoint
pseudo_target_test,diagnostic,,unspecified,0.9925714315192385,41.636995010375976,0.01303590188268572,0.010000000000000009,0.0,True,99,True,0.8,True,0.0,0.0,posthoc view; does not retrain or change frozen checkpoint
pseudo_target_test,diagnostic,,unspecified,0.9925714315192385,41.636995010375976,0.01303590188268572,0.010000000000000009,0.0,True,99,True,0.82,True,0.0,0.0,posthoc view; does not retrain or change frozen checkpoint
pseudo_target_test,diagnostic,,unspecified,0.9925714315192385,41.636995010375976,0.01303590188268572,0.010000000000000009,0.0,True,99,True,0.85,True,0.0,0.0,posthoc view; does not retrain or change frozen checkpoint
pseudo_target_test,diagnostic,,unspecified,0.9925714315192385,41.636995010375976,0.01303590188268572,0.010000000000000009,0.0,True,99,True,0.86,True,0.0,0.0,posthoc view; does not retrain or change frozen checkpoint
pseudo_target_test,diagnostic,,unspecified,0.9925714315192385,41.636995010375976,0.01303590188268572,0.010000000000000009,0.0,True,99,True,0.9,True,0.0,0.0,posthoc view; does not retrain or change frozen checkpoint
pseudo_target_test,diagnostic,,unspecified,0.9925714315192385,41.636995010375976,0.01303590188268572,0.010000000000000009,0.0,True,99,True,0.95,True,0.0,0.0,posthoc view; does not retrain or change frozen checkpoint
fixed_ptq_w8_c1.0_test,candidate,w8_c1.0_all,marked_model_only,0.9997078776359558,56.706695556640625,0.00019757633192057255,0.010000000000000009,0.0,True,99,True,0.8,True,0.0,0.0,posthoc view; does not retrain or change frozen checkpoint
fixed_ptq_w8_c1.0_test,candidate,w8_c1.0_all,marked_model_only,0.9997078776359558,56.706695556640625,0.00019757633192057255,0.010000000000000009,0.0,True,99,True,0.82,True,0.0,0.0,posthoc view; does not retrain or change frozen checkpoint
fixed_ptq_w8_c1.0_test,candidate,w8_c1.0_all,marked_model_only,0.9997078776359558,56.706695556640625,0.00019757633192057255,0.010000000000000009,0.0,True,99,True,0.85,True,0.0,0.0,posthoc view; does not retrain or change frozen checkpoint
fixed_ptq_w8_c1.0_test,candidate,w8_c1.0_all,marked_model_only,0.9997078776359558,56.706695556640625,0.00019757633192057255,0.010000000000000009,0.0,True,99,True,0.86,True,0.0,0.0,posthoc view; does not retrain or change frozen checkpoint
fixed_ptq_w8_c1.0_test,candidate,w8_c1.0_all,marked_model_only,0.9997078776359558,56.706695556640625,0.00019757633192057255,0.010000000000000009,0.0,True,99,True,0.9,True,0.0,0.0,posthoc view; does not retrain or change frozen checkpoint
fixed_ptq_w8_c1.0_test,candidate,w8_c1.0_all,marked_model_only,0.9997078776359558,56.706695556640625,0.00019757633192057255,0.010000000000000009,0.0,True,99,True,0.95,True,0.0,0.0,posthoc view; does not retrain or change frozen checkpoint
reconstruction_w8_c1.0_test,candidate,w8_c1.0_all,marked_model_only,0.9997041821479797,56.814353942871094,0.0001808998759224778,0.010000000000000009,0.0,True,99,True,0.8,True,0.0,0.0,posthoc view; does not retrain or change frozen checkpoint
reconstruction_w8_c1.0_test,candidate,w8_c1.0_all,marked_model_only,0.9997041821479797,56.814353942871094,0.0001808998759224778,0.010000000000000009,0.0,True,99,True,0.82,True,0.0,0.0,posthoc view; does not retrain or change frozen checkpoint
reconstruction_w8_c1.0_test,candidate,w8_c1.0_all,marked_model_only,0.9997041821479797,56.814353942871094,0.0001808998759224778,0.010000000000000009,0.0,True,99,True,0.85,True,0.0,0.0,posthoc view; does not retrain or change frozen checkpoint
reconstruction_w8_c1.0_test,candidate,w8_c1.0_all,marked_model_only,0.9997041821479797,56.814353942871094,0.0001808998759224778,0.010000000000000009,0.0,True,99,True,0.86,True,0.0,0.0,posthoc view; does not retrain or change frozen checkpoint
reconstruction_w8_c1.0_test,candidate,w8_c1.0_all,marked_model_only,0.9997041821479797,56.814353942871094,0.0001808998759224778,0.010000000000000009,0.0,True,99,True,0.9,True,0.0,0.0,posthoc view; does not retrain or change frozen checkpoint
reconstruction_w8_c1.0_test,candidate,w8_c1.0_all,marked_model_only,0.9997041821479797,56.814353942871094,0.0001808998759224778,0.010000000000000009,0.0,True,99,True,0.95,True,0.0,0.0,posthoc view; does not retrain or change frozen checkpoint
natural_residual_w8_c1.0_test,candidate,w8_c1.0_all,marked_model_plus_unpaired_natural_images,0.9792723059654236,37.941123962402344,0.015152853643521667,0.010000000000000009,0.0,True,99,True,0.8,True,0.0,0.0,posthoc view; does not retrain or change frozen checkpoint
natural_residual_w8_c1.0_test,candidate,w8_c1.0_all,marked_model_plus_unpaired_natural_images,0.9792723059654236,37.941123962402344,0.015152853643521667,0.010000000000000009,0.0,True,99,True,0.82,True,0.0,0.0,posthoc view; does not retrain or change frozen checkpoint
natural_residual_w8_c1.0_test,candidate,w8_c1.0_all,marked_model_plus_unpaired_natural_images,0.9792723059654236,37.941123962402344,0.015152853643521667,0.010000000000000009,0.0,True,99,True,0.85,True,0.0,0.0,posthoc view; does not retrain or change frozen checkpoint
natural_residual_w8_c1.0_test,candidate,w8_c1.0_all,marked_model_plus_unpaired_natural_images,0.9792723059654236,37.941123962402344,0.015152853643521667,0.010000000000000009,0.0,True,99,True,0.86,True,0.0,0.0,posthoc view; does not retrain or change frozen checkpoint
natural_residual_w8_c1.0_test,candidate,w8_c1.0_all,marked_model_plus_unpaired_natural_images,0.9792723059654236,37.941123962402344,0.015152853643521667,0.010000000000000009,0.0,True,99,True,0.9,True,0.0,0.0,posthoc view; does not retrain or change frozen checkpoint
natural_residual_w8_c1.0_test,candidate,w8_c1.0_all,marked_model_plus_unpaired_natural_images,0.9792723059654236,37.941123962402344,0.015152853643521667,0.010000000000000009,0.0,True,99,True,0.95,True,0.01,0.0,posthoc view; does not retrain or change frozen checkpoint
natural_residual_qat_w8_c1.0_test,candidate,w8_c1.0_all,marked_model_plus_unpaired_natural_images,0.9807575941085815,38.262882232666016,0.014605761945713312,0.010000000000000009,0.0,True,99,True,0.8,True,0.0,0.0,posthoc view; does not retrain or change frozen checkpoint
natural_residual_qat_w8_c1.0_test,candidate,w8_c1.0_all,marked_model_plus_unpaired_natural_images,0.9807575941085815,38.262882232666016,0.014605761945713312,0.010000000000000009,0.0,True,99,True,0.82,True,0.0,0.0,posthoc view; does not retrain or change frozen checkpoint
natural_residual_qat_w8_c1.0_test,candidate,w8_c1.0_all,marked_model_plus_unpaired_natural_images,0.9807575941085815,38.262882232666016,0.014605761945713312,0.010000000000000009,0.0,True,99,True,0.85,True,0.0,0.0,posthoc view; does not retrain or change frozen checkpoint
natural_residual_qat_w8_c1.0_test,candidate,w8_c1.0_all,marked_model_plus_unpaired_natural_images,0.9807575941085815,38.262882232666016,0.014605761945713312,0.010000000000000009,0.0,True,99,True,0.86,True,0.0,0.0,posthoc view; does not retrain or change frozen checkpoint
natural_residual_qat_w8_c1.0_test,candidate,w8_c1.0_all,marked_model_plus_unpaired_natural_images,0.9807575941085815,38.262882232666016,0.014605761945713312,0.010000000000000009,0.0,True,99,True,0.9,True,0.0,0.0,posthoc view; does not retrain or change frozen checkpoint
natural_residual_qat_w8_c1.0_test,candidate,w8_c1.0_all,marked_model_plus_unpaired_natural_images,0.9807575941085815,38.262882232666016,0.014605761945713312,0.010000000000000009,0.0,True,99,True,0.95,True,0.01,0.0,posthoc view; does not retrain or change frozen checkpoint
fixed_ptq_w4_c1.0_test,candidate,w4_c1.0_all,marked_model_only,0.9395577311515808,33.00655746459961,0.02316638145595789,0.010000000000000009,0.0,True,99,True,0.8,True,0.0,0.0,posthoc view; does not retrain or change frozen checkpoint
fixed_ptq_w4_c1.0_test,candidate,w4_c1.0_all,marked_model_only,0.9395577311515808,33.00655746459961,0.02316638145595789,0.010000000000000009,0.0,True,99,True,0.82,True,0.0,0.0,posthoc view; does not retrain or change frozen checkpoint
fixed_ptq_w4_c1.0_test,candidate,w4_c1.0_all,marked_model_only,0.9395577311515808,33.00655746459961,0.02316638145595789,0.010000000000000009,0.0,True,99,True,0.85,True,0.0,0.0,posthoc view; does not retrain or change frozen checkpoint
fixed_ptq_w4_c1.0_test,candidate,w4_c1.0_all,marked_model_only,0.9395577311515808,33.00655746459961,0.02316638145595789,0.010000000000000009,0.0,True,99,True,0.86,True,0.01,0.0,posthoc view; does not retrain or change frozen checkpoint
fixed_ptq_w4_c1.0_test,candidate,w4_c1.0_all,marked_model_only,0.9395577311515808,33.00655746459961,0.02316638145595789,0.010000000000000009,0.0,True,99,True,0.9,True,0.07,0.0,posthoc view; does not retrain or change frozen checkpoint
fixed_ptq_w4_c1.0_test,candidate,w4_c1.0_all,marked_model_only,0.9395577311515808,33.00655746459961,0.02316638145595789,0.010000000000000009,0.0,True,99,True,0.95,False,0.61,0.0,posthoc view; does not retrain or change frozen checkpoint
reconstruction_w4_c1.0_test,candidate,w4_c1.0_all,marked_model_only,0.9718563556671143,37.19742202758789,0.010194453231524675,0.010000000000000009,0.0,True,99,True,0.8,True,0.0,0.0,posthoc view; does not retrain or change frozen checkpoint
reconstruction_w4_c1.0_test,candidate,w4_c1.0_all,marked_model_only,0.9718563556671143,37.19742202758789,0.010194453231524675,0.010000000000000009,0.0,True,99,True,0.82,True,0.0,0.0,posthoc view; does not retrain or change frozen checkpoint
reconstruction_w4_c1.0_test,candidate,w4_c1.0_all,marked_model_only,0.9718563556671143,37.19742202758789,0.010194453231524675,0.010000000000000009,0.0,True,99,True,0.85,True,0.0,0.0,posthoc view; does not retrain or change frozen checkpoint
reconstruction_w4_c1.0_test,candidate,w4_c1.0_all,marked_model_only,0.9718563556671143,37.19742202758789,0.010194453231524675,0.010000000000000009,0.0,True,99,True,0.86,True,0.0,0.0,posthoc view; does not retrain or change frozen checkpoint
reconstruction_w4_c1.0_test,candidate,w4_c1.0_all,marked_model_only,0.9718563556671143,37.19742202758789,0.010194453231524675,0.010000000000000009,0.0,True,99,True,0.9,True,0.0,0.0,posthoc view; does not retrain or change frozen checkpoint
reconstruction_w4_c1.0_test,candidate,w4_c1.0_all,marked_model_only,0.9718563556671143,37.19742202758789,0.010194453231524675,0.010000000000000009,0.0,True,99,True,0.95,True,0.05,0.0,posthoc view; does not retrain or change frozen checkpoint
natural_residual_w4_c1.0_test,candidate,w4_c1.0_all,marked_model_plus_unpaired_natural_images,0.8209212422370911,29.47327423095703,0.043267123382538554,0.37,0.36363636363636365,True,99,False,0.8,True,0.36,0.21212121212121213,posthoc view; does not retrain or change frozen checkpoint
natural_residual_w4_c1.0_test,candidate,w4_c1.0_all,marked_model_plus_unpaired_natural_images,0.8209212422370911,29.47327423095703,0.043267123382538554,0.37,0.36363636363636365,True,99,False,0.82,True,0.47,0.1717171717171717,posthoc view; does not retrain or change frozen checkpoint
natural_residual_w4_c1.0_test,candidate,w4_c1.0_all,marked_model_plus_unpaired_natural_images,0.8209212422370911,29.47327423095703,0.043267123382538554,0.37,0.36363636363636365,True,99,False,0.85,False,0.58,0.15151515151515152,posthoc view; does not retrain or change frozen checkpoint
natural_residual_w4_c1.0_test,candidate,w4_c1.0_all,marked_model_plus_unpaired_natural_images,0.8209212422370911,29.47327423095703,0.043267123382538554,0.37,0.36363636363636365,True,99,False,0.86,False,0.6,0.1414141414141414,posthoc view; does not retrain or change frozen checkpoint
natural_residual_w4_c1.0_test,candidate,w4_c1.0_all,marked_model_plus_unpaired_natural_images,0.8209212422370911,29.47327423095703,0.043267123382538554,0.37,0.36363636363636365,True,99,False,0.9,False,0.78,0.08080808080808081,posthoc view; does not retrain or change frozen checkpoint
natural_residual_w4_c1.0_test,candidate,w4_c1.0_all,marked_model_plus_unpaired_natural_images,0.8209212422370911,29.47327423095703,0.043267123382538554,0.37,0.36363636363636365,True,99,False,0.95,False,0.98,0.0,posthoc view; does not retrain or change frozen checkpoint
natural_residual_qat_w4_c1.0_test,candidate,w4_c1.0_all,marked_model_plus_unpaired_natural_images,0.8387230038642883,29.951562881469727,0.039826676873490216,0.17000000000000004,0.16161616161616163,True,99,False,0.8,True,0.3,0.12121212121212122,posthoc view; does not retrain or change frozen checkpoint
natural_residual_qat_w4_c1.0_test,candidate,w4_c1.0_all,marked_model_plus_unpaired_natural_images,0.8387230038642883,29.951562881469727,0.039826676873490216,0.17000000000000004,0.16161616161616163,True,99,False,0.82,True,0.36,0.12121212121212122,posthoc view; does not retrain or change frozen checkpoint
natural_residual_qat_w4_c1.0_test,candidate,w4_c1.0_all,marked_model_plus_unpaired_natural_images,0.8387230038642883,29.951562881469727,0.039826676873490216,0.17000000000000004,0.16161616161616163,True,99,False,0.85,False,0.52,0.10101010101010101,posthoc view; does not retrain or change frozen checkpoint
natural_residual_qat_w4_c1.0_test,candidate,w4_c1.0_all,marked_model_plus_unpaired_natural_images,0.8387230038642883,29.951562881469727,0.039826676873490216,0.17000000000000004,0.16161616161616163,True,99,False,0.86,False,0.56,0.10101010101010101,posthoc view; does not retrain or change frozen checkpoint
natural_residual_qat_w4_c1.0_test,candidate,w4_c1.0_all,marked_model_plus_unpaired_natural_images,0.8387230038642883,29.951562881469727,0.039826676873490216,0.17000000000000004,0.16161616161616163,True,99,False,0.9,False,0.74,0.06060606060606061,posthoc view; does not retrain or change frozen checkpoint
natural_residual_qat_w4_c1.0_test,candidate,w4_c1.0_all,marked_model_plus_unpaired_natural_images,0.8387230038642883,29.951562881469727,0.039826676873490216,0.17000000000000004,0.16161616161616163,True,99,False,0.95,False,0.97,0.0,posthoc view; does not retrain or change frozen checkpoint
natural_full_finetune_fp32_test,finetune_control,fp32_unrestricted_decoder_control,marked_model_plus_unpaired_natural_images_unrestricted_finetune,0.8150022625923157,28.88941192626953,0.048370263446122407,0.9299999999999999,0.9292929292929293,True,99,False,0.8,True,0.39,0.5656565656565656,posthoc view; does not retrain or change frozen checkpoint
natural_full_finetune_fp32_test,finetune_control,fp32_unrestricted_decoder_control,marked_model_plus_unpaired_natural_images_unrestricted_finetune,0.8150022625923157,28.88941192626953,0.048370263446122407,0.9299999999999999,0.9292929292929293,True,99,False,0.82,False,0.5,0.46464646464646464,posthoc view; does not retrain or change frozen checkpoint
natural_full_finetune_fp32_test,finetune_control,fp32_unrestricted_decoder_control,marked_model_plus_unpaired_natural_images_unrestricted_finetune,0.8150022625923157,28.88941192626953,0.048370263446122407,0.9299999999999999,0.9292929292929293,True,99,False,0.85,False,0.61,0.36363636363636365,posthoc view; does not retrain or change frozen checkpoint
natural_full_finetune_fp32_test,finetune_control,fp32_unrestricted_decoder_control,marked_model_plus_unpaired_natural_images_unrestricted_finetune,0.8150022625923157,28.88941192626953,0.048370263446122407,0.9299999999999999,0.9292929292929293,True,99,False,0.86,False,0.62,0.35353535353535354,posthoc view; does not retrain or change frozen checkpoint
natural_full_finetune_fp32_test,finetune_control,fp32_unrestricted_decoder_control,marked_model_plus_unpaired_natural_images_unrestricted_finetune,0.8150022625923157,28.88941192626953,0.048370263446122407,0.9299999999999999,0.9292929292929293,True,99,False,0.9,False,0.79,0.1919191919191919,posthoc view; does not retrain or change frozen checkpoint
natural_full_finetune_fp32_test,finetune_control,fp32_unrestricted_decoder_control,marked_model_plus_unpaired_natural_images_unrestricted_finetune,0.8150022625923157,28.88941192626953,0.048370263446122407,0.9299999999999999,0.9292929292929293,True,99,False,0.95,False,1.0,0.0,posthoc view; does not retrain or change frozen checkpoint
reconstruction_w4_c1.0_final_test,endpoint_control,w4_c1.0_all,marked_model_only,0.9721394181251526,37.15449905395508,0.01003762240987271,0.010000000000000009,0.0,True,99,True,0.8,True,0.0,0.0,posthoc view; does not retrain or change frozen checkpoint
reconstruction_w4_c1.0_final_test,endpoint_control,w4_c1.0_all,marked_model_only,0.9721394181251526,37.15449905395508,0.01003762240987271,0.010000000000000009,0.0,True,99,True,0.82,True,0.0,0.0,posthoc view; does not retrain or change frozen checkpoint
reconstruction_w4_c1.0_final_test,endpoint_control,w4_c1.0_all,marked_model_only,0.9721394181251526,37.15449905395508,0.01003762240987271,0.010000000000000009,0.0,True,99,True,0.85,True,0.0,0.0,posthoc view; does not retrain or change frozen checkpoint
reconstruction_w4_c1.0_final_test,endpoint_control,w4_c1.0_all,marked_model_only,0.9721394181251526,37.15449905395508,0.01003762240987271,0.010000000000000009,0.0,True,99,True,0.86,True,0.0,0.0,posthoc view; does not retrain or change frozen checkpoint
reconstruction_w4_c1.0_final_test,endpoint_control,w4_c1.0_all,marked_model_only,0.9721394181251526,37.15449905395508,0.01003762240987271,0.010000000000000009,0.0,True,99,True,0.9,True,0.0,0.0,posthoc view; does not retrain or change frozen checkpoint
reconstruction_w4_c1.0_final_test,endpoint_control,w4_c1.0_all,marked_model_only,0.9721394181251526,37.15449905395508,0.01003762240987271,0.010000000000000009,0.0,True,99,True,0.95,True,0.05,0.0,posthoc view; does not retrain or change frozen checkpoint
reconstruction_w8_c1.0_final_test,endpoint_control,w8_c1.0_all,marked_model_only,0.9997040033340454,56.791114807128906,0.0001805667093867669,0.010000000000000009,0.0,True,99,True,0.8,True,0.0,0.0,posthoc view; does not retrain or change frozen checkpoint
reconstruction_w8_c1.0_final_test,endpoint_control,w8_c1.0_all,marked_model_only,0.9997040033340454,56.791114807128906,0.0001805667093867669,0.010000000000000009,0.0,True,99,True,0.82,True,0.0,0.0,posthoc view; does not retrain or change frozen checkpoint
reconstruction_w8_c1.0_final_test,endpoint_control,w8_c1.0_all,marked_model_only,0.9997040033340454,56.791114807128906,0.0001805667093867669,0.010000000000000009,0.0,True,99,True,0.85,True,0.0,0.0,posthoc view; does not retrain or change frozen checkpoint
reconstruction_w8_c1.0_final_test,endpoint_control,w8_c1.0_all,marked_model_only,0.9997040033340454,56.791114807128906,0.0001805667093867669,0.010000000000000009,0.0,True,99,True,0.86,True,0.0,0.0,posthoc view; does not retrain or change frozen checkpoint
reconstruction_w8_c1.0_final_test,endpoint_control,w8_c1.0_all,marked_model_only,0.9997040033340454,56.791114807128906,0.0001805667093867669,0.010000000000000009,0.0,True,99,True,0.9,True,0.0,0.0,posthoc view; does not retrain or change frozen checkpoint
reconstruction_w8_c1.0_final_test,endpoint_control,w8_c1.0_all,marked_model_only,0.9997040033340454,56.791114807128906,0.0001805667093867669,0.010000000000000009,0.0,True,99,True,0.95,True,0.0,0.0,posthoc view; does not retrain or change frozen checkpoint
