candidate,source,method,bits,clip,step,psnr,ssim,psnr_p05,min_psnr,quality_violation_fraction,target_mse,feasible,semantic_lowpass_mse,selection_objective,generated_reference_mse,natural_validation_mse,natural_validation_lpips,natural_validation_residual,natural_validation_spectral,code_change_fraction_vs_rtn,code_offset_rms,code_offset_ge_one_fraction
fixed_ptq_w4_c1.0_step0,fixed_rtn,fixed_ptq,4,1.0,0,33.350563049316406,0.943604588508606,29.569313049316406,28.79359245300293,0.0,0.00048414335687994023,True,8.52526811286225e-05,0.00048414335687994023,,,,,,,,
reconstruction_w4_c1.0_step0,rtn_fallback,reconstruction,4,1.0,0,33.350563049316406,0.943604588508606,29.569313049316406,28.79359245300293,0.0,0.0005406601558206603,True,8.52526811286225e-05,0.0005406601558206603,,,,,,,,
reconstruction_w4_c1.0_step100,reconstruction,reconstruction,4,1.0,100,36.6774787902832,0.9684388041496277,32.489044189453125,31.47930908203125,0.0,0.00025877741099975535,True,1.4880249887028186e-05,0.00025877741099975535,,,,,,,,
reconstruction_w4_c1.0_step200,reconstruction,reconstruction,4,1.0,200,36.26906967163086,0.9698382616043091,32.40251159667969,31.592615127563477,0.0,0.0002785838249110384,True,4.294732798371115e-05,0.0002785838249110384,,,,,,,,
reconstruction_w4_c1.0_step300,reconstruction,reconstruction,4,1.0,300,36.21025085449219,0.9710053205490112,32.57867431640625,31.74239158630371,0.0,0.00027195479160582183,True,4.021572585770628e-05,0.00027195479160582183,,,,,,,,
reconstruction_w4_c1.0_step400,reconstruction,reconstruction,4,1.0,400,37.08990478515625,0.9726436734199524,32.97188186645508,31.968753814697266,0.0,0.00023409303139487747,True,1.670388433012704e-05,0.00023409303139487747,,,,,,,,
reconstruction_w4_c1.0_step500,reconstruction,reconstruction,4,1.0,500,37.49034881591797,0.9737101793289185,33.14845657348633,32.2291259765625,0.0,0.00021728809697378891,True,1.065772135007137e-05,0.00021728809697378891,,,,,,,,
reconstruction_w4_c1.0_step600,reconstruction,reconstruction,4,1.0,600,37.1298713684082,0.9732325673103333,32.7481689453125,32.126399993896484,0.0,0.000230178419224103,True,1.937041606652201e-05,0.000230178419224103,,,,,,,,
reconstruction_w4_c1.0_step700,reconstruction,reconstruction,4,1.0,700,37.44259262084961,0.9739246368408203,33.22430419921875,32.134620666503906,0.0,0.0002171287651435705,True,1.2153684497206996e-05,0.0002171287651435705,,,,,,,,
reconstruction_w4_c1.0_step800,reconstruction,reconstruction,4,1.0,800,37.438045501708984,0.9743850827217102,33.17713165283203,32.286521911621094,0.0,0.00021623430584440939,True,1.2984898444301506e-05,0.00021623430584440939,,,,,,,,
reconstruction_w4_c1.0_step900,reconstruction,reconstruction,4,1.0,900,37.59001159667969,0.9747344851493835,33.43049240112305,32.44425964355469,0.0,0.00021003061956434977,True,1.0895164632529485e-05,0.00021003061956434977,,,,,,,,
reconstruction_w4_c1.0_step1000,reconstruction,reconstruction,4,1.0,1000,37.561607360839844,0.9744745492935181,33.223445892333984,32.328407287597656,0.0,0.00021193117972870824,True,1.2263001087831071e-05,0.00021193117972870824,,,,,,,,
fixed_ptq_w8_c1.0_step0,fixed_rtn,fixed_ptq,8,1.0,0,57.079833984375,0.9997356534004211,53.20294952392578,52.35723114013672,0.0,7.45739389458322e-05,True,3.0519668321460357e-07,7.45739389458322e-05,,,,,,,,
reconstruction_w8_c1.0_step0,rtn_fallback,reconstruction,8,1.0,0,57.079833984375,0.9997356534004211,53.20294952392578,52.35723114013672,0.0,2.3042802979489354e-06,True,3.0519668321460357e-07,2.3042802979489354e-06,,,,,,,,
reconstruction_w8_c1.0_step100,reconstruction,reconstruction,8,1.0,100,57.0281867980957,0.9997356534004211,53.01832962036133,52.515506744384766,0.0,2.294716804840391e-06,True,3.0354662925446976e-07,2.294716804840391e-06,,,,,,,,
reconstruction_w8_c1.0_step200,reconstruction,reconstruction,8,1.0,200,57.06727981567383,0.9997396469116211,53.18885040283203,52.62982940673828,0.0,2.260233142692414e-06,True,2.9614943990452504e-07,2.260233142692414e-06,,,,,,,,
reconstruction_w8_c1.0_step300,reconstruction,reconstruction,8,1.0,300,57.007110595703125,0.9997336268424988,53.35857009887695,52.760231018066406,0.0,2.2685908305675186e-06,True,3.2106034950629694e-07,2.2685908305675186e-06,,,,,,,,
reconstruction_w8_c1.0_step400,reconstruction,reconstruction,8,1.0,400,57.002342224121094,0.9997236132621765,53.302547454833984,52.79316711425781,0.0,2.273034115773953e-06,True,3.5564080285155343e-07,2.273034115773953e-06,,,,,,,,
reconstruction_w8_c1.0_step500,reconstruction,reconstruction,8,1.0,500,57.1185188293457,0.9997283816337585,53.45302200317383,52.907310485839844,0.0,2.2093356591312842e-06,True,3.116638328748422e-07,2.2093356591312842e-06,,,,,,,,
reconstruction_w8_c1.0_step600,reconstruction,reconstruction,8,1.0,600,57.15394973754883,0.9997339248657227,53.637935638427734,53.00241470336914,0.0,2.182779437021054e-06,True,3.113011779021235e-07,2.182779437021054e-06,,,,,,,,
reconstruction_w8_c1.0_step700,reconstruction,reconstruction,8,1.0,700,57.11962890625,0.9997243881225586,53.620887756347656,52.97378921508789,0.0,2.197147381366449e-06,True,3.17118471926392e-07,2.197147381366449e-06,,,,,,,,
reconstruction_w8_c1.0_step800,reconstruction,reconstruction,8,1.0,800,57.1712532043457,0.9997256994247437,53.639991760253906,53.055782318115234,0.0,2.173630483071065e-06,True,3.138023565441017e-07,2.173630483071065e-06,,,,,,,,
reconstruction_w8_c1.0_step900,reconstruction,reconstruction,8,1.0,900,57.14728927612305,0.9997230768203735,53.615074157714844,53.02438735961914,0.0,2.1853286540363115e-06,True,3.2124103661601565e-07,2.1853286540363115e-06,,,,,,,,
reconstruction_w8_c1.0_step1000,reconstruction,reconstruction,8,1.0,1000,57.126792907714844,0.9997307062149048,53.668907165527344,52.99104690551758,0.0,2.190949078340054e-06,True,3.235989670002937e-07,2.190949078340054e-06,,,,,,,,
natural_residual_w4_c1.0_step0,rtn_fallback,natural_residual,4,1.0,0,33.350563049316406,0.943604588508606,29.569313049316406,28.79359245300293,0.0,0.004609984279966284,True,8.52526811286225e-05,0.044815219681152034,0.0005406601558206603,0.004609984279966284,0.08563281597889727,0.031471448441038774,,,,
natural_residual_w4_c1.0_step100,natural_residual,natural_residual,4,1.0,100,31.172161102294922,0.8853036761283875,25.98375701904297,25.46016502380371,0.05000000074505806,0.0039748565252466506,True,4.610913765645819e-05,0.0368680405309874,0.0009628378480556421,0.0039748565252466506,0.07024581725272583,0.02577638400515525,,,,
natural_residual_w4_c1.0_step200,natural_residual,natural_residual,4,1.0,200,30.364498138427734,0.861805260181427,24.92329216003418,24.673128128051758,0.25,0.004006585541901586,True,6.689805877613253e-05,0.036125139948785544,0.001175333281571511,0.004006585541901586,0.06685676251072437,0.025299082038259257,,,,
natural_residual_w4_c1.0_step300,natural_residual,natural_residual,4,1.0,300,30.030574798583984,0.8454100489616394,24.341588973999023,24.17484474182129,0.3499999940395355,0.003939377006247469,True,5.3294265035219725e-05,0.03542043028347734,0.001291020070493687,0.003939377006247469,0.06436130561269238,0.0249383341858902,,,,
natural_residual_w4_c1.0_step400,natural_residual,natural_residual,4,1.0,400,29.804752349853516,0.8370822072029114,24.190828323364258,23.837387084960938,0.3499999940395355,0.003948076806068457,True,6.617069648200413e-05,0.035094520890356765,0.0013653227273607627,0.003948076806068457,0.06261147826444358,0.02475295486487994,,,,
natural_residual_w4_c1.0_step500,natural_residual,natural_residual,4,1.0,500,29.79109764099121,0.833419144153595,24.034618377685547,23.62624168395996,0.3499999940395355,0.0038858881181056404,True,5.591110930254217e-05,0.03474926901876074,0.001378305755497422,0.0038858881181056404,0.06204437000997132,0.024547121681052886,,,,
natural_residual_w4_c1.0_step600,natural_residual,natural_residual,4,1.0,600,29.781787872314453,0.8302705883979797,24.003562927246094,23.67666244506836,0.3499999940395355,0.0038643553137944764,True,5.0689872568909775e-05,0.03448908988427774,0.0013833216216880828,0.0038643553137944764,0.06146894456105656,0.024376460369239794,,,,
natural_residual_w4_c1.0_step700,natural_residual,natural_residual,4,1.0,700,29.705612182617188,0.826634407043457,23.891807556152344,23.565656661987305,0.4000000059604645,0.00388838433295291,True,4.924040476907976e-05,0.03431769765542753,0.0014164777574478648,0.00388838433295291,0.06036907384986989,0.02429392512794948,,,,
natural_residual_w4_c1.0_step800,natural_residual,natural_residual,4,1.0,800,29.751934051513672,0.8277880549430847,24.00031280517578,23.64569664001465,0.4000000059604645,0.003843314596622349,True,4.898003380731098e-05,0.03411477734016444,0.0013927312655141577,0.003843314596622349,0.0601053769387363,0.024162964982053836,,,,
natural_residual_w4_c1.0_step900,natural_residual,natural_residual,4,1.0,900,29.765949249267578,0.8290165662765503,23.991798400878906,23.65452766418457,0.3499999940395355,0.003836034690920087,True,5.301244136717287e-05,0.03406647898921733,0.0013922248515882529,0.003836034690920087,0.05989901246357476,0.02413451816920542,,,,
natural_residual_w4_c1.0_step1000,natural_residual,natural_residual,4,1.0,1000,29.74945640563965,0.8274887800216675,23.941818237304688,23.603050231933594,0.4000000059604645,0.0038454479741290015,True,4.9456017950433304e-05,0.034015396013796814,0.0014036799591849558,0.0038454479741290015,0.059576940398983425,0.024113341963868606,,,,
natural_residual_qat_w4_c1.0_step0,rtn_fallback,natural_residual_qat,4,1.0,0,33.35065841674805,0.943604588508606,29.569433212280273,28.793678283691406,0.0,0.004610004772871434,True,8.52470307108888e-05,0.044815149041369295,0.0005406524978752714,0.004610004772871434,0.08563141724152956,0.03147150848292313,,0.0,0.0,0.0
natural_residual_qat_w4_c1.0_step100,natural_residual_qat,natural_residual_qat,4,1.0,100,32.22676086425781,0.9124170541763306,27.370586395263672,26.718360900878906,0.0,0.0039921933952768995,True,4.1751479329832364e-05,0.0374315430785714,0.0007399479072773829,0.0039921933952768995,0.07334226302918978,0.026021620421715852,,0.007823520340025425,0.009862022419896057,0.0
natural_residual_qat_w4_c1.0_step200,natural_residual_qat,natural_residual_qat,4,1.0,200,31.334514617919922,0.8883920907974243,26.12221908569336,25.614013671875,0.05000000074505806,0.003990160242778984,True,4.394819297885988e-05,0.036465974908219324,0.0009345671569462866,0.003990160242778984,0.0684368521979195,0.02554423305969067,,0.011004679836332798,0.013962299045881671,0.0
natural_residual_qat_w4_c1.0_step300,natural_residual_qat,natural_residual_qat,4,1.0,300,30.852025985717773,0.8722317814826965,25.318174362182617,25.002681732177734,0.15000000596046448,0.003936409460038703,True,4.705077080870979e-05,0.035771718876719656,0.001056747186521534,0.003936409460038703,0.0665401683509117,0.025087191039972367,,0.013127305544912815,0.016659662141829373,0.0
natural_residual_qat_w4_c1.0_step400,natural_residual_qat,natural_residual_qat,4,1.0,400,30.590038299560547,0.8633043169975281,25.041297912597656,24.657176971435547,0.20000000298023224,0.003949299763291947,True,4.381532216939377e-05,0.035401700109594,0.001128878619056195,0.003949299763291947,0.06459364841430215,0.024905404860533054,,0.014551077969372272,0.018495187443892287,0.0
natural_residual_qat_w4_c1.0_step500,natural_residual_qat,natural_residual_qat,4,1.0,500,30.41526222229004,0.8566927909851074,24.774187088012695,24.371078491210938,0.30000001192092896,0.0039113859948542995,True,5.349331077013631e-05,0.035154106270272226,0.0011823888664366678,0.0039113859948542995,0.0639782261387154,0.02473791104000611,,0.015661902725696564,0.01992203870757476,0.0
natural_residual_qat_w4_c1.0_step600,natural_residual_qat,natural_residual_qat,4,1.0,600,30.354846954345703,0.8524097204208374,24.701711654663086,24.33794403076172,0.3499999940395355,0.0038895399569014444,True,4.6069588825048414e-05,0.034886201180268014,0.001199488369456958,0.0038895399569014444,0.06310387159828679,0.024594134885887797,,0.016353901475667953,0.020803203128357404,0.0
natural_residual_qat_w4_c1.0_step700,natural_residual_qat,natural_residual_qat,4,1.0,700,30.246761322021484,0.8461706042289734,24.474285125732422,24.174739837646484,0.3499999940395355,0.003900200279758792,True,4.588712235999992e-05,0.0347345387113819,0.0012411693795002065,0.003900200279758792,0.06232418749641511,0.0245101454372616,,0.01680690236389637,0.021387289967159155,0.0
natural_residual_qat_w4_c1.0_step800,natural_residual_qat,natural_residual_qat,4,1.0,800,30.23452377319336,0.8454122543334961,24.471939086914062,24.131210327148438,0.3499999940395355,0.00387407217914415,True,4.5744671024294806e-05,0.03461170097031072,0.0012441197293810546,0.00387407217914415,0.062178844564186875,0.024428254992699294,,0.017057811841368675,0.021731432038582,0.0
natural_residual_qat_w4_c1.0_step900,natural_residual_qat,natural_residual_qat,4,1.0,900,30.205204010009766,0.8446227312088013,24.417951583862305,24.11212921142578,0.3499999940395355,0.003869937851533223,True,4.6084113728284136e-05,0.03456106445062801,0.0012521750264568253,0.003869937851533223,0.0620274232205702,0.0243962160495812,,0.01721780374646187,0.021938224809502412,0.0
natural_residual_qat_w4_c1.0_step1000,natural_residual_qat,natural_residual_qat,4,1.0,1000,30.2045841217041,0.8440699577331543,24.424022674560547,24.060258865356445,0.3499999940395355,0.003873949378544239,True,4.5224226687423653e-05,0.03453314555504221,0.0012578506066347472,0.003873949378544239,0.06187765355207375,0.02438098236791575,,0.01733415760099888,0.02208869085014248,0.0
natural_residual_w8_c1.0_step0,rtn_fallback,natural_residual,8,1.0,0,57.079833984375,0.9997356534004211,53.20294952392578,52.35723114013672,0.0,0.004480636581718045,True,3.0519668321460357e-07,0.0427479024669914,2.3042802979489354e-06,0.004480636581718045,0.07531318787368946,0.030735336704537985,,,,
natural_residual_w8_c1.0_step100,natural_residual,natural_residual,8,1.0,100,42.42805862426758,0.9939149618148804,37.64140701293945,37.522438049316406,0.0,0.004207535193813783,True,8.209933264424763e-06,0.040139979159084765,7.223474140118923e-05,0.004207535193813783,0.07810144187533297,0.02810587991120883,,,,
natural_residual_w8_c1.0_step200,natural_residual,natural_residual,8,1.0,200,40.746063232421875,0.9904292225837708,35.85593032836914,35.831233978271484,0.0,0.00413540120075595,True,9.98550463009451e-06,0.03949008717820562,0.00010582258000795264,0.00413540120075595,0.07827762067609001,0.027506952900580472,,,,
natural_residual_w8_c1.0_step300,natural_residual,natural_residual,8,1.0,300,39.818790435791016,0.9876189231872559,34.83685302734375,34.746299743652344,0.0,0.0041026237526011755,True,1.0253453058339802e-05,0.0390849198511205,0.0001314782393819769,0.0041026237526011755,0.07818762546230573,0.027143026646172075,,,,
natural_residual_w8_c1.0_step400,natural_residual,natural_residual,8,1.0,400,39.294898986816406,0.9858924150466919,34.33034896850586,34.186927795410156,0.0,0.004082438815885325,True,1.135320303546905e-05,0.038826626928880614,0.00014775630279473262,0.004082438815885325,0.07754647776891943,0.026966833930032408,,,,
natural_residual_w8_c1.0_step500,natural_residual,natural_residual,8,1.0,500,38.859642028808594,0.9840961694717407,33.897125244140625,33.71261215209961,0.0,0.004073216637436872,True,1.1846328641240689e-05,0.038625830713169766,0.00016322672345268075,0.004073216637436872,0.07705661983345635,0.026823259435104774,,,,
natural_residual_w8_c1.0_step600,natural_residual,natural_residual,8,1.0,600,38.57078170776367,0.9829471707344055,33.66224670410156,33.43326187133789,0.0,0.004062584354528553,True,1.2241124704814865e-05,0.03849875377729859,0.0001737452759698499,0.004062584354528553,0.07676172426727135,0.02673551474663327,,,,
natural_residual_w8_c1.0_step700,natural_residual,natural_residual,8,1.0,700,38.377593994140625,0.9820564985275269,33.47624206542969,33.21989822387695,0.0,0.004053226889652706,True,1.2552212672289897e-05,0.038412452307159124,0.0001815169447581866,0.004053226889652706,0.07662826819432667,0.026671294172729176,,,,
natural_residual_w8_c1.0_step800,natural_residual,natural_residual,8,1.0,800,38.267303466796875,0.9814912676811218,33.34738540649414,33.08295440673828,0.0,0.004051761390996944,True,1.3096364943976368e-05,0.038357272875759914,0.0001864232934167376,0.004051761390996944,0.07644151408021571,0.02663516734685345,,,,
natural_residual_w8_c1.0_step900,natural_residual,natural_residual,8,1.0,900,38.19902801513672,0.9811406135559082,33.282569885253906,33.0100212097168,0.0,0.004049935781210934,True,1.3200732655604953e-05,0.03832476610572257,0.00018936989890789847,0.004049935781210934,0.07635038105945569,0.026613390753254862,,,,
natural_residual_w8_c1.0_step1000,natural_residual,natural_residual,8,1.0,1000,38.156803131103516,0.9808775186538696,33.23981857299805,32.956298828125,0.0,0.00404815832098393,True,1.3145292359695305e-05,0.03830054927898345,0.00019128709700453329,0.00404815832098393,0.07630524390697246,0.026595575982582886,,,,
natural_residual_qat_w8_c1.0_step0,rtn_fallback,natural_residual_qat,8,1.0,0,57.079551696777344,0.9997357130050659,53.200199127197266,52.35443115234375,0.0,0.00448062992109044,True,3.0512774955582246e-07,0.042747897717246984,2.304731731328502e-06,0.00448062992109044,0.07531345781171694,0.03073531175948574,,0.0,0.0,0.0
natural_residual_qat_w8_c1.0_step100,natural_residual_qat,natural_residual_qat,8,1.0,100,43.450218200683594,0.9952389001846313,38.627830505371094,38.52527618408203,0.0,0.004246380572794806,True,4.966063522715558e-06,0.04038804126976175,5.715585675716284e-05,0.004246380572794806,0.07741543579322752,0.028390184990598755,,0.008103689178824425,0.01156257206299917,0.0
natural_residual_qat_w8_c1.0_step200,natural_residual_qat,natural_residual_qat,8,1.0,200,41.41138458251953,0.9918755292892456,36.474464416503906,36.4549560546875,0.0,0.004167197414119528,True,8.035369455683395e-06,0.03969697558410417,9.118359694184618e-05,0.004167197414119528,0.07797015745745739,0.027716691685327532,,0.01235177181661129,0.017874388378044035,0.0
natural_residual_qat_w8_c1.0_step300,natural_residual_qat,natural_residual_qat,8,1.0,300,40.30842208862305,0.9890559315681458,35.29107666015625,35.19455337524414,0.0,0.004127404615815067,True,9.001688385978924e-06,0.0392728355501049,0.00011800791162386304,0.004127404615815067,0.07816598068166059,0.027310829489351818,,0.01565011404454708,0.022832695139214144,0.0
natural_residual_qat_w8_c1.0_step400,natural_residual_qat,natural_residual_qat,8,1.0,400,39.73466110229492,0.9872837066650391,34.739070892333984,34.58212661743164,0.0,0.004102422475398271,True,9.929174962053366e-06,0.03899973688444334,0.00013410816263785818,0.004102422475398271,0.0777294706858811,0.02710450899053285,,0.01804746873676777,0.026470132374990817,0.0
natural_residual_qat_w8_c1.0_step500,natural_residual_qat,natural_residual_qat,8,1.0,500,39.27487564086914,0.9855712056159973,34.27569580078125,34.06398391723633,0.0,0.0040896595326103125,True,1.0334609089568404e-05,0.038791510809528515,0.00014904934796504675,0.0040896595326103125,0.0773629925752175,0.026944882801217318,,0.019991984590888023,0.029430818338290747,0.0
natural_residual_qat_w8_c1.0_step600,natural_residual_qat,natural_residual_qat,8,1.0,600,38.949989318847656,0.9843950271606445,33.99641418457031,33.75005340576172,0.0,0.004078141724505713,True,1.0864265220789093e-05,0.03865712606226453,0.00016001941185095347,0.004078141724505713,0.07709660011460073,0.02684759579585716,,0.021346621215343475,0.03150100226655048,0.0
natural_residual_qat_w8_c1.0_step700,natural_residual_qat,natural_residual_qat,8,1.0,700,38.748512268066406,0.983527660369873,33.7946891784668,33.523536682128906,0.0,0.004069201108791276,True,1.1165977525706694e-05,0.03856296290721275,0.0001674845701927552,0.004069201108791276,0.07692935659724753,0.026778494183645307,,0.02231524884700775,0.03299579860222872,0.0
natural_residual_qat_w8_c1.0_step800,natural_residual_qat,natural_residual_qat,8,1.0,800,38.61054229736328,0.9829111099243164,33.65455627441406,33.36967086791992,0.0,0.00406497894647373,True,1.1693359806486114e-05,0.038502324435182804,0.00017289092847931896,0.00406497894647373,0.0767882149448269,0.026735137274613407,,0.022945350036025047,0.033962971082900625,0.0
natural_residual_qat_w8_c1.0_step900,natural_residual_qat,natural_residual_qat,8,1.0,900,38.53443145751953,0.9825671911239624,33.57538986206055,33.289302825927734,0.0,0.0040628504983715175,True,1.1947277585022675e-05,0.03846641601498959,0.00017595014760445337,0.0040628504983715175,0.07669176420313306,0.02671049454113472,,0.023318840190768242,0.03454373322565928,0.0
natural_residual_qat_w8_c1.0_step1000,natural_residual_qat,natural_residual_qat,8,1.0,1000,38.480323791503906,0.9822667837142944,33.51054000854492,33.22297286987305,0.0,0.004060964479094764,True,1.2064656311849831e-05,0.038439355839364,0.00017829372009146028,0.004060964479094764,0.07664212368399603,0.02669004967924593,,0.023609239608049393,0.034995492981332345,0.0
natural_full_finetune_w32_c1.0_step0,marked_fp32_fallback,natural_full_finetune,32,1.0,0,120.0,1.0,120.0,120.0,0.0,0.0044825395657994704,True,0.0,0.012001216937790105,0.0,0.0044825395657994704,0.07518677371990634,,,,,
natural_full_finetune_w32_c1.0_step100,natural_full_finetune,natural_full_finetune,32,1.0,100,27.5999813079834,0.8071479797363281,23.230228424072266,22.89936065673828,0.44999998807907104,0.0047277191406465136,True,0.00034039583115372805,0.013801172444073018,0.0020376690634293483,0.0047277191406465136,0.09073453303426504,,,,,
natural_full_finetune_w32_c1.0_step200,natural_full_finetune,natural_full_finetune,32,1.0,200,27.83661460876465,0.8092630505561829,22.922977447509766,22.406627655029297,0.44999998807907104,0.004491101280962084,True,0.00035683538881130515,0.013055169561937419,0.0020159663428785278,0.004491101280962084,0.08564068280975334,,,,,
natural_full_finetune_w32_c1.0_step300,natural_full_finetune,natural_full_finetune,32,1.0,300,28.154882431030273,0.8054044842720032,23.266565322875977,22.9732608795166,0.44999998807907104,0.004392008683680615,True,0.00019877198974427301,0.012284094360984455,0.0018751550349406898,0.004392008683680615,0.0789208567730384,,,,,
natural_full_finetune_w32_c1.0_step400,natural_full_finetune,natural_full_finetune,32,1.0,400,28.330646514892578,0.8139948844909668,23.64089584350586,22.871511459350586,0.4000000059604645,0.004327139696499671,True,0.00019584437468438408,0.011800335689724762,0.0018063354073092341,0.004327139696499671,0.0747319599322509,,,,,
natural_full_finetune_w32_c1.0_step500,natural_full_finetune,natural_full_finetune,32,1.0,500,28.417877197265625,0.8097213506698608,23.477136611938477,23.013484954833984,0.44999998807907104,0.004140251294444397,True,0.0001954556448254152,0.011295227037186351,0.0017864174878923222,0.004140251294444397,0.07154975742741954,,,,,
natural_full_finetune_w32_c1.0_step600,natural_full_finetune,natural_full_finetune,32,1.0,600,28.837636947631836,0.8187270164489746,23.661165237426758,23.2918701171875,0.4000000059604645,0.004022897699940131,True,0.00013080749649816426,0.010723579576767861,0.0016317795088980347,0.004022897699940131,0.0670068187682773,,,,,
natural_full_finetune_w32_c1.0_step700,natural_full_finetune,natural_full_finetune,32,1.0,700,28.799861907958984,0.8206318616867065,23.771251678466797,23.31148338317871,0.4000000059604645,0.0040326631369111965,True,0.0001603677370439982,0.010373070410003038,0.0016420093903434462,0.0040326631369111965,0.06340407273091841,,,,,
natural_full_finetune_w32_c1.0_step800,natural_full_finetune,natural_full_finetune,32,1.0,800,29.034860610961914,0.8237344622612,23.903911590576172,23.397218704223633,0.4000000059604645,0.003955013651335548,True,0.00011243324988754466,0.010091240895104648,0.0015667576939449646,0.003955013651335548,0.06136227243769099,,,,,
natural_full_finetune_w32_c1.0_step900,natural_full_finetune,natural_full_finetune,32,1.0,900,29.15786361694336,0.8263339996337891,23.90682029724121,23.524478912353516,0.4000000059604645,0.003890662640287701,True,0.00012068966443621321,0.009882364372197118,0.0015326971435570158,0.003890662640287701,0.05991701731909416,,,,,
natural_full_finetune_w32_c1.0_step1000,natural_full_finetune,natural_full_finetune,32,1.0,1000,29.13934898376465,0.8237722516059875,23.831369400024414,23.43947982788086,0.4000000059604645,0.003880939674900219,True,0.00010752356465673074,0.009766084572083856,0.0015472808503545822,0.003880939674900219,0.05885144897183636,,,,,
